s,latitude,longitude,source
7/16/2010 0:00,28.02,84.96,Dataset_A_GLC
7/27/2010 9:00,27.81229512,84.67982275,Dataset_A_GLC
7/29/2010 8:00,27.80766085,84.69570744,Dataset_A_GLC
8/23/2010 5:00,27.6832,85.4434,Dataset_A_GLC
9/14/2010 0:00,27.7513,85.8166,Dataset_A_GLC
9/14/2010 0:00,27.8732,85.9259,Dataset_A_GLC
9/17/2010 9:00,27.86624658,84.63118672,Dataset_A_GLC
9/18/2010 0:00,27.7948,84.8566,Dataset_A_GLC
6/30/2011 0:00,27.58673875,85.35547241,Dataset_BC_Admin
7/7/2011 0:00,27.07787466,86.14963299,Dataset_BC_Admin
7/8/2011 0:00,27.96061861,85.60931261,Dataset_BC_Admin
7/14/2011 0:00,28.00012809,85.05540625,Dataset_BC_Admin
7/15/2011 0:00,27.99688229,85.61684427,Dataset_BC_Admin
7/15/2011 18:00,27.9512,85.6846,Dataset_A_GLC
7/18/2011 0:00,28.06364754,85.07220541,Dataset_BC_Admin
7/19/2011 0:00,27.58942717,85.33713636,Dataset_BC_Admin
7/19/2011 0:00,28.17517195,85.31418372,Dataset_BC_Admin
7/19/2011 0:00,27.9358,85.1893,Dataset_A_GLC
7/21/2011 0:00,27.703,85.3183,Dataset_A_GLC
7/21/2011 0:00,28.0889,85.6352,Dataset_A_GLC
8/12/2011 0:00,27.71504342,86.05714944,Dataset_BC_Admin
8/16/2011 0:00,27.77356551,85.24100281,Dataset_BC_Admin
8/17/2011 0:00,28.1762785,85.29813459,Dataset_BC_Admin
8/22/2011 0:00,27.09787277,86.08948314,Dataset_BC_Admin
8/24/2011 0:00,27.76865867,85.21003624,Dataset_BC_Admin
8/31/2011 0:00,27.1006585,86.11413985,Dataset_BC_Admin
9/16/2011 0:00,27.53649874,86.19013582,Dataset_BC_Admin
9/17/2011 0:00,27.3824,86.0567,Dataset_A_GLC
9/25/2011 0:00,27.891,85.149,Dataset_A_GLC
9/26/2011 0:00,27.58187409,85.35194633,Dataset_BC_Admin
6/14/2012 0:00,27.92982855,85.62195902,Dataset_BC_Admin
6/24/2012 0:00,27.75356285,85.21581244,Dataset_BC_Admin
6/25/2012 0:00,27.76870718,85.22737106,Dataset_BC_Admin
7/11/2012 0:00,28.05156307,85.07380572,Dataset_BC_Admin
7/12/2012 0:00,28.00428312,85.05236571,Dataset_BC_Admin
7/15/2012 0:00,28.05753112,85.07255404,Dataset_BC_Admin
7/18/2012 0:00,27.5842826,85.34716954,Dataset_BC_Admin
7/19/2012 0:00,27.73378669,85.37610796,Dataset_BC_Admin
7/21/2012 0:00,28.00118726,85.05000317,Dataset_BC_Admin
7/31/2012 0:00,28.0189266,85.03680493,Dataset_BC_Admin
8/4/2012 0:00,27.70829153,86.0244053,Dataset_BC_Admin
8/7/2012 0:00,28.00418459,85.03892046,Dataset_BC_Admin
8/15/2012 0:00,27.9783,84.8982,Dataset_A_GLC
8/16/2012 0:00,28.01393242,85.03496049,Dataset_BC_Admin
8/17/2012 0:00,28.05507419,85.06672784,Dataset_BC_Admin
8/19/2012 0:00,28.00387362,85.06037268,Dataset_BC_Admin
8/20/2012 0:00,28.05210784,85.07489979,Dataset_BC_Admin
8/21/2012 0:00,27.3329,86.0798,Dataset_A_GLC
8/23/2012 0:00,28.0486415,85.05922854,Dataset_BC_Admin
8/25/2012 0:00,28.02256047,85.0470825,Dataset_BC_Admin
8/26/2012 0:00,28.04633886,85.05955172,Dataset_BC_Admin
8/28/2012 0:00,28.05614968,85.06582095,Dataset_BC_Admin
8/28/2012 0:00,28.16976784,85.31499062,Dataset_BC_Admin
8/29/2012 0:00,28.04890306,85.06962224,Dataset_BC_Admin
8/31/2012 0:00,27.99950088,85.05338711,Dataset_BC_Admin
9/4/2012 0:00,27.99960138,85.06820904,Dataset_BC_Admin
9/7/2012 0:00,28.01191953,85.04782537,Dataset_BC_Admin
9/11/2012 0:00,28.06145928,85.0693855,Dataset_BC_Admin
9/18/2012 0:00,27.7923,84.7001,Dataset_A_GLC
9/19/2012 0:00,28.02919374,85.03970755,Dataset_BC_Admin
10/3/2012 0:00,28.06134674,85.06645085,Dataset_BC_Admin
12/28/2012 0:00,27.69379417,86.04860488,Dataset_BC_Admin
5/30/2013 0:00,27.73500613,85.37535722,Dataset_BC_Admin
5/31/2013 9:00,27.7366,85.3305,Dataset_A_GLC
6/10/2013 0:00,27.92213359,85.62391441,Dataset_BC_Admin
6/18/2013 0:00,27.8196,85.2114,Dataset_A_GLC
6/26/2013 0:00,27.99772948,85.5753777,Dataset_BC_Admin
7/11/2013 0:00,27.67417025,85.44345868,Dataset_BC_Admin
7/12/2013 0:00,27.67580598,85.44051797,Dataset_BC_Admin
7/21/2013 0:00,27.69801659,86.03672261,Dataset_BC_Admin
7/22/2013 0:00,27.5,84.6663,Dataset_A_GLC
7/22/2013 0:00,27.7898,86.3499,Dataset_A_GLC
7/22/2013 0:00,27.7713,86.166,Dataset_A_GLC
8/12/2013 0:00,27.51621592,86.16409485,Dataset_BC_Admin
8/13/2013 23:00,27.4907,86.1078,Dataset_A_GLC
9/8/2013 0:00,27.99834856,85.63559788,Dataset_BC_Admin
12/11/2013 0:00,27.98058939,85.63327647,Dataset_BC_Admin
6/21/2014 0:00,27.60064505,85.34820746,Dataset_BC_Admin
7/11/2014 0:00,28.03627351,85.0409277,Dataset_BC_Admin
7/12/2014 0:00,28.00459654,85.57380975,Dataset_BC_Admin
7/12/2014 0:00,27.59100429,85.3456499,Dataset_BC_Admin
7/13/2014 0:00,27.5687,85.34,Dataset_A_GLC
7/13/2014 0:00,27.9411,85.6838,Dataset_A_GLC
7/18/2014 0:00,27.8126,84.8051,Dataset_A_GLC
7/18/2014 0:00,27.9639,84.8981,Dataset_A_GLC
8/1/2014 0:00,27.97137484,85.59878988,Dataset_BC_Admin
8/7/2014 0:00,28.00989182,85.59116878,Dataset_BC_Admin
8/8/2014 0:00,27.68665262,86.02444892,Dataset_BC_Admin
8/13/2014 0:00,27.586217,85.36010135,Dataset_BC_Admin
8/14/2014 0:00,27.737,84.6073,Dataset_A_GLC
8/15/2014 0:00,28.00013605,85.05389162,Dataset_BC_Admin
8/22/2014 0:00,27.98203501,85.59693935,Dataset_BC_Admin
8/25/2014 0:00,28.1544864,85.31232314,Dataset_BC_Admin
8/25/2014 13:00,27.8609,85.7763,Dataset_A_GLC
8/27/2014 0:00,27.8868,85.5107,Dataset_A_GLC
8/27/2014 0:00,28.02447488,85.02030305,Dataset_BC_Admin
8/29/2014 9:00,27.8315,85.1638,Dataset_A_GLC
9/9/2014 0:00,28.0491128,85.06041685,Dataset_BC_Admin
9/25/2014 0:00,27.8519,85.5248,Dataset_A_GLC
4/25/2015 0:00,28.2064,85.575,Dataset_A_GLC
4/28/2015 0:00,28.2001,85.4611,Dataset_A_GLC
4/28/2015 15:00,27.7908,84.4783,Dataset_A_GLC
6/13/2015 0:00,27.7786,85.3867,Dataset_A_GLC
6/21/2015 0:00,27.71675327,86.02176062,Dataset_BC_Admin
6/22/2015 0:00,27.61038821,86.15269883,Dataset_BC_Admin
6/23/2015 0:00,27.98146888,85.61670407,Dataset_BC_Admin
6/25/2015 0:00,28.172,85.0852,Dataset_A_GLC
7/2/2015 0:00,27.71116848,86.02284863,Dataset_BC_Admin
7/2/2015 0:00,27.13624632,86.11255496,Dataset_BC_Admin
7/3/2015 0:00,27.30417373,85.9459888,Dataset_BC_Admin
7/3/2015 0:00,27.70704906,86.07150055,Dataset_BC_Admin
7/3/2015 0:00,27.93974288,85.63605481,Dataset_BC_Admin
7/7/2015 0:00,27.76981844,85.21442538,Dataset_BC_Admin
7/8/2015 0:00,27.96716335,85.62768799,Dataset_BC_Admin
7/8/2015 0:00,27.78526059,84.7540963,Dataset_BC_Admin
7/16/2015 0:00,27.97814418,85.59574575,Dataset_BC_Admin
7/16/2015 0:00,27.7768,85.8888,Dataset_A_GLC
7/30/2015 0:00,27.57661814,84.47572373,Dataset_BC_Admin
8/20/2015 0:00,27.69970356,86.03374697,Dataset_BC_Admin
8/21/2015 0:00,27.72131639,86.03798449,Dataset_BC_Admin
8/21/2015 0:00,27.71468758,86.03123602,Dataset_BC_Admin
8/21/2015 11:47,28.0297,85.0934,Dataset_A_GLC
8/22/2015 0:00,27.6315619,86.09256384,Dataset_BC_Admin
8/27/2015 0:00,28.00553999,85.03994306,Dataset_BC_Admin
8/27/2015 0:00,27.8569,85.1287,Dataset_A_GLC
8/28/2015 0:00,27.99274105,85.10537069,Dataset_BC_Admin
8/28/2015 0:00,27.84214709,85.22220826,Dataset_BC_Admin
8/28/2015 2:00,27.8426,85.3418,Dataset_A_GLC
8/29/2015 14:00,27.8884,85.2118,Dataset_A_GLC
1/28/2016 21:00,27.7657,84.4694,Dataset_A_GLC
4/6/2016 0:00,27.73586983,85.37926734,Dataset_BC_Admin
4/7/2016 0:00,27.69842989,85.30699524,Dataset_BC_Admin
5/12/2016 0:00,27.40850675,84.31720668,Dataset_BC_Admin
5/17/2016 0:00,27.63344282,84.48366724,Dataset_BC_Admin
5/20/2016 9:00,27.8187,85.7734,Dataset_A_GLC
5/24/2016 0:00,27.0831205,86.1365672,Dataset_BC_Admin
5/25/2016 0:00,27.16557158,86.16358019,Dataset_BC_Admin
6/1/2016 0:00,27.61806583,84.52118117,Dataset_BC_Admin
6/7/2016 0:00,27.62885316,84.48694883,Dataset_BC_Admin
6/26/2016 0:00,27.97850092,85.59417076,Dataset_BC_Admin
6/27/2016 0:00,27.59107671,84.51675817,Dataset_BC_Admin
6/27/2016 0:00,28.17523374,85.30891016,Dataset_BC_Admin
6/27/2016 5:00,27.8178,84.4443,Dataset_A_GLC
6/28/2016 0:00,27.68858103,86.01991861,Dataset_BC_Admin
6/28/2016 0:00,28.2465,85.3644,Dataset_A_GLC
6/28/2016 0:00,28.09667808,85.22138103,Dataset_BC_Admin
6/28/2016 0:00,28.02094766,85.01742064,Dataset_BC_Admin
6/28/2016 0:00,28.0336,85.2178,Dataset_A_GLC
6/29/2016 0:00,27.76183935,85.23934944,Dataset_BC_Admin
6/29/2016 0:00,28.02918978,85.02768548,Dataset_BC_Admin
6/29/2016 0:00,27.61896178,86.13393229,Dataset_BC_Admin
6/29/2016 9:00,28.0022,85.133,Dataset_A_GLC
6/30/2016 0:00,27.77403836,84.70219731,Dataset_BC_Admin
7/1/2016 0:00,27.41785643,84.31561554,Dataset_BC_Admin
7/2/2016 0:00,27.60856226,84.51715592,Dataset_BC_Admin
7/14/2016 0:00,28.03990239,85.04997523,Dataset_BC_Admin
7/15/2016 0:00,27.93870701,85.63242125,Dataset_BC_Admin
7/15/2016 0:00,27.98605239,85.17676825,Dataset_BC_Admin
7/17/2016 0:00,27.98786077,85.62886135,Dataset_BC_Admin
7/18/2016 0:00,27.58431783,85.36205527,Dataset_BC_Admin
7/18/2016 0:00,27.5072,86.1424,Dataset_A_GLC
7/18/2016 0:00,27.61023138,84.49377811,Dataset_BC_Admin
7/19/2016 0:00,27.59860114,85.3120689,Dataset_BC_Admin
7/19/2016 0:00,27.55808322,85.39090843,Dataset_BC_Admin
7/19/2016 0:00,27.96487363,85.60218335,Dataset_BC_Admin
7/20/2016 0:00,27.8883,85.5097,Dataset_A_GLC
7/22/2016 0:00,27.76607581,85.2279292,Dataset_BC_Admin
7/23/2016 0:00,27.73377651,85.21306391,Dataset_BC_Admin
7/23/2016 6:10,27.8324,84.5512,Dataset_A_GLC
7/24/2016 0:00,27.08462488,86.13362853,Dataset_BC_Admin
7/25/2016 0:00,27.67681697,85.44389717,Dataset_BC_Admin
7/25/2016 0:00,27.73354981,85.3788523,Dataset_BC_Admin
7/25/2016 0:00,27.98501831,85.58674913,Dataset_BC_Admin
7/25/2016 0:00,28.01423056,85.02484445,Dataset_BC_Admin
7/25/2016 0:00,27.5340388,86.17579539,Dataset_BC_Admin
7/25/2016 0:00,26.99118705,86.26584843,Dataset_BC_Admin
7/25/2016 0:00,27.21545164,85.91452544,Dataset_A_GLC
7/26/2016 0:00,27.7043637,85.30620918,Dataset_BC_Admin
7/26/2016 0:00,27.56059366,86.36731239,Dataset_BC_Admin
7/26/2016 0:00,28.01283458,85.01745237,Dataset_BC_Admin
8/2/2016 0:00,27.69982352,86.04752101,Dataset_BC_Admin
8/3/2016 0:00,27.70840523,86.06705345,Dataset_BC_Admin
8/3/2016 0:00,27.73619483,86.04706796,Dataset_BC_Admin
8/7/2016 0:00,27.9998876,85.5977757,Dataset_BC_Admin
8/8/2016 0:00,27.7080103,86.05833543,Dataset_BC_Admin
8/9/2016 0:00,27.80584129,86.18926558,Dataset_BC_Admin
8/15/2016 0:00,28.17156956,85.29403235,Dataset_BC_Admin
8/15/2016 0:00,27.70498416,86.05194767,Dataset_BC_Admin
8/16/2016 0:00,28.23972636,85.28005594,Dataset_BC_Admin
8/16/2016 0:00,27.686486,86.04719506,Dataset_BC_Admin
8/16/2016 0:00,27.50263518,86.07466776,Dataset_BC_Admin
8/18/2016 0:00,28.17885,85.31612789,Dataset_BC_Admin
8/19/2016 0:00,28.20100723,85.3176796,Dataset_BC_Admin
8/31/2016 0:00,27.71214605,86.02291865,Dataset_BC_Admin
9/1/2016 0:00,27.54181193,86.05846325,Dataset_BC_Admin
9/2/2016 0:00,27.53280174,86.18217818,Dataset_BC_Admin
9/3/2016 0:00,27.5302705,86.15728261,Dataset_BC_Admin
9/6/2016 0:00,27.74806889,85.25012601,Dataset_BC_Admin
9/7/2016 0:00,28.11560149,84.92702771,Dataset_BC_Admin
9/11/2016 0:00,27.0958069,86.12753886,Dataset_BC_Admin
9/12/2016 0:00,27.19345126,86.12195919,Dataset_BC_Admin
9/15/2016 0:00,27.73108544,85.37372451,Dataset_BC_Admin
9/16/2016 0:00,27.71282391,85.30491111,Dataset_BC_Admin
9/30/2016 0:00,27.93095171,85.60732124,Dataset_BC_Admin
10/2/2016 0:00,27.73371135,85.37735003,Dataset_BC_Admin
10/3/2016 0:00,27.69580238,85.3066629,Dataset_BC_Admin
10/5/2016 0:00,28.02350049,85.04217485,Dataset_BC_Admin
10/6/2016 0:00,28.01467017,84.9964654,Dataset_BC_Admin
1/28/2017 0:00,27.67521361,85.44833899,Dataset_BC_Admin
3/29/2017 0:00,27.52519582,86.17362014,Dataset_BC_Admin
4/2/2017 0:00,27.42897964,84.31551844,Dataset_BC_Admin
4/3/2017 0:00,27.80898006,84.4334571,Dataset_BC_Admin
4/14/2017 0:00,27.56851145,84.50350269,Dataset_BC_Admin
4/18/2017 0:00,27.58032368,85.34646241,Dataset_BC_Admin
4/19/2017 0:00,27.51751487,85.29682221,Dataset_BC_Admin
5/4/2017 0:00,27.99819305,85.6176073,Dataset_BC_Admin
6/18/2017 0:00,27.57579079,84.50816922,Dataset_BC_Admin
6/22/2017 0:00,27.58746655,84.50621266,Dataset_BC_Admin
6/26/2017 0:00,27.99393224,85.61459083,Dataset_BC_Admin
6/27/2017 0:00,27.69465584,86.03581807,Dataset_BC_Admin
6/27/2017 0:00,27.76558312,85.24456613,Dataset_BC_Admin
6/27/2017 0:00,28.01313053,85.60112609,Dataset_BC_Admin
6/28/2017 0:00,27.72510377,86.0563336,Dataset_BC_Admin
6/28/2017 0:00,27.74559128,84.72917506,Dataset_BC_Admin
6/29/2017 0:00,27.99228694,85.5811633,Dataset_BC_Admin
6/30/2017 0:00,27.57387764,84.49330818,Dataset_BC_Admin
7/2/2017 0:00,27.51959705,86.19586384,Dataset_BC_Admin
7/3/2017 0:00,27.52620389,85.85426765,Dataset_BC_Admin
7/5/2017 0:00,27.58440913,85.34428445,Dataset_BC_Admin
7/6/2017 0:00,27.51510393,85.29472751,Dataset_BC_Admin
7/8/2017 0:00,28.16462316,85.30140056,Dataset_BC_Admin
7/9/2017 0:00,28.14573423,85.25108062,Dataset_BC_Admin
7/14/2017 0:00,27.75293488,85.26041149,Dataset_BC_Admin
7/15/2017 0:00,27.73339807,85.21845957,Dataset_BC_Admin
7/16/2017 0:00,27.77122189,85.23334305,Dataset_BC_Admin
7/17/2017 0:00,27.95224016,84.83217524,Dataset_BC_Admin
7/22/2017 0:00,27.73549002,85.37306026,Dataset_BC_Admin
7/23/2017 0:00,27.71705397,85.36958282,Dataset_BC_Admin
7/25/2017 0:00,27.77161275,85.23676778,Dataset_BC_Admin
7/26/2017 0:00,27.727325,85.19865249,Dataset_BC_Admin
7/29/2017 0:00,27.73593175,85.37284278,Dataset_BC_Admin
7/30/2017 0:00,27.77661867,85.39078223,Dataset_BC_Admin
8/1/2017 0:00,27.69995436,86.02290047,Dataset_BC_Admin
8/2/2017 0:00,27.77250903,85.24803913,Dataset_BC_Admin
8/2/2017 0:00,27.52696765,86.06052943,Dataset_BC_Admin
8/2/2017 0:00,27.51893909,86.15982028,Dataset_BC_Admin
8/2/2017 0:00,27.56820962,84.50582741,Dataset_BC_Admin
8/3/2017 0:00,27.78589782,84.6406344,Dataset_BC_Admin
8/3/2017 0:00,27.60869388,86.31956507,Dataset_BC_Admin
8/5/2017 0:00,28.17651115,85.29981102,Dataset_BC_Admin
8/6/2017 0:00,27.08820674,86.14836776,Dataset_BC_Admin
8/6/2017 0:00,27.77118688,85.24962898,Dataset_BC_Admin
8/6/2017 0:00,28.16269197,85.29562379,Dataset_BC_Admin
8/7/2017 0:00,27.52214079,86.1677814,Dataset_BC_Admin
8/7/2017 0:00,27.1761361,86.10557195,Dataset_BC_Admin
8/7/2017 0:00,27.9412084,84.99311707,Dataset_BC_Admin
8/8/2017 0:00,27.47279439,86.0969835,Dataset_BC_Admin
8/8/2017 0:00,27.75953801,85.26679356,Dataset_BC_Admin
8/9/2017 0:00,27.92261588,84.82864695,Dataset_BC_Admin
8/11/2017 0:00,27.09611308,86.10140718,Dataset_BC_Admin
8/12/2017 0:00,27.59839191,85.3479712,Dataset_BC_Admin
8/12/2017 0:00,27.54076667,86.17977352,Dataset_BC_Admin
8/12/2017 0:00,27.17107053,86.11006198,Dataset_BC_Admin
8/13/2017 0:00,27.10323841,86.11409739,Dataset_BC_Admin
8/13/2017 0:00,27.59892257,86.34744351,Dataset_BC_Admin
8/13/2017 0:00,27.58168776,84.38182512,Dataset_BC_Admin
8/13/2017 0:00,27.60207594,84.67756724,Dataset_BC_Admin
8/13/2017 0:00,27.58626133,85.3115767,Dataset_BC_Admin
8/14/2017 0:00,27.17726284,86.11247502,Dataset_BC_Admin
8/16/2017 0:00,27.937958,85.6256436,Dataset_BC_Admin
8/19/2017 0:00,27.56984082,84.50614531,Dataset_BC_Admin
8/20/2017 0:00,27.97417715,85.59021906,Dataset_BC_Admin
8/20/2017 0:00,27.76491064,85.24415244,Dataset_BC_Admin
8/21/2017 0:00,27.79495369,84.68527107,Dataset_BC_Admin
8/22/2017 0:00,28.0010736,85.62092467,Dataset_BC_Admin
8/31/2017 0:00,27.72185007,86.04228269,Dataset_BC_Admin
8/31/2017 0:00,27.52294367,86.17035799,Dataset_BC_Admin
9/1/2017 0:00,27.63878254,86.11617495,Dataset_BC_Admin
9/1/2017 0:00,27.55330071,86.34621607,Dataset_BC_Admin
9/1/2017 0:00,27.97088773,85.61884571,Dataset_BC_Admin
9/8/2017 0:00,28.15681863,85.31172179,Dataset_BC_Admin
9/9/2017 0:00,28.03348003,85.24418411,Dataset_BC_Admin
9/19/2017 0:00,28.00611887,85.03210662,Dataset_BC_Admin
9/20/2017 0:00,28.00823344,85.04551071,Dataset_BC_Admin
10/12/2017 0:00,27.76984789,85.2547771,Dataset_BC_Admin
10/13/2017 0:00,27.76039003,85.24708401,Dataset_BC_Admin
11/25/2017 0:00,27.46367067,85.32381791,Dataset_BC_Admin
11/26/2017 0:00,27.46687309,85.31767638,Dataset_BC_Admin
2/15/2018 0:00,27.93122211,84.92223023,Dataset_BC_Admin
2/16/2018 0:00,27.94704716,84.89159598,Dataset_BC_Admin
3/13/2018 0:00,27.64717866,86.35206897,Dataset_BC_Admin
3/14/2018 0:00,27.69094277,86.35773464,Dataset_BC_Admin
5/20/2018 0:00,27.76353297,84.49738322,Dataset_BC_Admin
5/22/2018 0:00,27.6191711,86.12548926,Dataset_BC_Admin
5/23/2018 0:00,27.6284437,86.17824754,Dataset_BC_Admin
5/29/2018 0:00,27.46525298,85.31676271,Dataset_BC_Admin
5/30/2018 0:00,27.45169173,85.32829041,Dataset_BC_Admin
6/3/2018 0:00,27.57826898,84.50846202,Dataset_BC_Admin
6/16/2018 0:00,27.60149549,85.37912376,Dataset_BC_Admin
6/16/2018 0:00,28.02111052,85.0470202,Dataset_BC_Admin
6/16/2018 0:00,27.34263125,85.99505551,Dataset_BC_Admin
6/17/2018 0:00,27.5743861,84.4977639,Dataset_BC_Admin
6/17/2018 0:00,27.68836667,85.32511406,Dataset_BC_Admin
6/17/2018 0:00,28.00885325,85.0393497,Dataset_BC_Admin
6/17/2018 0:00,27.3406046,85.9844382,Dataset_BC_Admin
6/17/2018 0:00,27.61523362,85.38959885,Dataset_BC_Admin
6/18/2018 0:00,27.68829512,85.31790076,Dataset_BC_Admin
6/26/2018 0:00,27.92945901,84.83300265,Dataset_BC_Admin
6/26/2018 0:00,27.7641329,85.22374735,Dataset_BC_Admin
6/26/2018 0:00,28.11104902,84.93167008,Dataset_BC_Admin
6/27/2018 0:00,27.76698072,85.21085769,Dataset_BC_Admin
6/27/2018 0:00,28.08199146,84.92977948,Dataset_BC_Admin
6/27/2018 0:00,27.92067684,84.82626756,Dataset_BC_Admin
7/3/2018 0:00,27.11923258,86.14128807,Dataset_BC_Admin
7/4/2018 0:00,27.14665973,86.16475805,Dataset_BC_Admin
7/8/2018 0:00,27.78941041,85.60686454,Dataset_BC_Admin
7/9/2018 0:00,27.72837022,86.03015657,Dataset_BC_Admin
7/9/2018 0:00,28.01279743,85.00009479,Dataset_BC_Admin
7/9/2018 0:00,27.53498897,86.18938451,Dataset_BC_Admin
7/10/2018 0:00,27.55830827,86.36812497,Dataset_BC_Admin
7/10/2018 0:00,27.36405703,86.03597478,Dataset_BC_Admin
7/10/2018 0:00,27.71020646,86.04265178,Dataset_BC_Admin
7/10/2018 0:00,27.51203851,86.1863464,Dataset_BC_Admin
7/10/2018 0:00,28.00569388,85.03175896,Dataset_BC_Admin
7/10/2018 0:00,27.41252481,85.93257666,Dataset_BC_Admin
7/11/2018 0:00,28.00552562,85.08671088,Dataset_BC_Admin
7/11/2018 0:00,27.35346402,86.00012321,Dataset_BC_Admin
7/11/2018 0:00,27.5609206,86.36587437,Dataset_BC_Admin
7/11/2018 0:00,27.41850953,85.93024339,Dataset_BC_Admin
7/11/2018 0:00,27.69150004,85.48878757,Dataset_BC_Admin
7/11/2018 0:00,28.00620058,85.01786871,Dataset_BC_Admin
7/11/2018 0:00,27.67720911,85.86888466,Dataset_BC_Admin
7/12/2018 0:00,28.00044448,85.07757578,Dataset_BC_Admin
7/12/2018 0:00,27.67230967,85.43245148,Dataset_BC_Admin
7/12/2018 0:00,28.01443365,85.00599868,Dataset_BC_Admin
7/12/2018 0:00,27.69401395,85.51207979,Dataset_BC_Admin
7/12/2018 0:00,28.16998561,85.29235266,Dataset_BC_Admin
7/13/2018 0:00,27.7017946,85.47610048,Dataset_BC_Admin
7/13/2018 0:00,28.02353331,85.01227941,Dataset_BC_Admin
7/13/2018 0:00,27.49849782,86.12201841,Dataset_BC_Admin
7/13/2018 0:00,28.16349909,85.31382373,Dataset_BC_Admin
7/13/2018 0:00,27.54862971,86.16962537,Dataset_BC_Admin
7/13/2018 0:00,27.67272656,85.43157158,Dataset_BC_Admin
7/13/2018 0:00,27.61413386,86.15907009,Dataset_BC_Admin
7/14/2018 0:00,27.52549877,86.20368918,Dataset_BC_Admin
7/14/2018 0:00,28.02139607,85.01602627,Dataset_BC_Admin
7/14/2018 0:00,27.69945608,85.48508684,Dataset_BC_Admin
7/14/2018 0:00,27.62409842,86.17674647,Dataset_BC_Admin
7/14/2018 0:00,27.51376732,86.12395723,Dataset_BC_Admin
7/16/2018 0:00,27.91834654,85.13365827,Dataset_BC_Admin
7/17/2018 0:00,27.91825529,85.13752049,Dataset_BC_Admin
7/18/2018 0:00,27.99563326,85.17519345,Dataset_BC_Admin
7/18/2018 0:00,28.00266961,85.13111371,Dataset_BC_Admin
7/18/2018 0:00,28.002549,85.13572798,Dataset_BC_Admin
7/18/2018 0:00,28.00731327,85.08799554,Dataset_BC_Admin
7/19/2018 0:00,27.99033007,85.14092732,Dataset_BC_Admin
7/19/2018 0:00,27.98605777,85.11643927,Dataset_BC_Admin
7/19/2018 0:00,27.99099671,85.16228368,Dataset_BC_Admin
7/19/2018 0:00,27.99071238,85.14106906,Dataset_BC_Admin
7/24/2018 0:00,27.55645225,85.39255382,Dataset_BC_Admin
7/24/2018 0:00,27.7281582,85.21966844,Dataset_BC_Admin
7/24/2018 0:00,27.48181529,85.2920631,Dataset_BC_Admin
7/25/2018 0:00,27.54124886,85.37436379,Dataset_BC_Admin
7/25/2018 0:00,27.50473842,85.29679055,Dataset_BC_Admin
7/25/2018 0:00,28.05564169,85.1854916,Dataset_BC_Admin
7/25/2018 0:00,27.71278812,85.19732496,Dataset_BC_Admin
7/26/2018 0:00,28.01984365,85.18723266,Dataset_BC_Admin
7/27/2018 0:00,27.42254766,85.91643509,Dataset_BC_Admin
7/27/2018 0:00,27.99098367,85.08610274,Dataset_BC_Admin
7/28/2018 0:00,27.98686934,85.59445158,Dataset_BC_Admin
7/28/2018 0:00,27.38955931,85.94335284,Dataset_BC_Admin
7/28/2018 0:00,27.99456221,85.10700235,Dataset_BC_Admin
8/1/2018 0:00,27.76992441,84.67091199,Dataset_BC_Admin
8/2/2018 0:00,28.03526428,85.24112258,Dataset_BC_Admin
8/2/2018 0:00,27.816054,84.62619546,Dataset_BC_Admin
8/3/2018 0:00,28.02410212,85.23497115,Dataset_BC_Admin
8/5/2018 0:00,27.9942212,85.1558619,Dataset_BC_Admin
8/5/2018 0:00,27.66729687,85.43173075,Dataset_BC_Admin
8/5/2018 0:00,28.00809392,85.05638124,Dataset_BC_Admin
8/6/2018 0:00,28.01460363,85.17399643,Dataset_BC_Admin
8/6/2018 0:00,28.05871291,85.06800426,Dataset_BC_Admin
8/6/2018 0:00,27.67215996,85.43029033,Dataset_BC_Admin
8/7/2018 0:00,27.63268562,86.17346154,Dataset_BC_Admin
8/7/2018 0:00,27.93486117,85.60494113,Dataset_BC_Admin
8/7/2018 0:00,27.89144772,85.62330928,Dataset_BC_Admin
8/8/2018 0:00,27.62107893,86.12584843,Dataset_BC_Admin
8/14/2018 0:00,27.99673435,85.58461851,Dataset_BC_Admin
8/15/2018 0:00,28.05936667,85.17468634,Dataset_BC_Admin
8/16/2018 0:00,28.00808031,85.106358,Dataset_BC_Admin
8/16/2018 0:00,28.04908692,85.1653732,Dataset_BC_Admin
8/16/2018 0:00,27.91987571,84.8149109,Dataset_BC_Admin
8/17/2018 0:00,27.98599215,85.0948381,Dataset_BC_Admin
8/17/2018 0:00,27.92196553,84.80941493,Dataset_BC_Admin
8/17/2018 0:00,27.99659906,85.16779848,Dataset_BC_Admin
8/17/2018 0:00,27.77808854,85.38691696,Dataset_BC_Admin
8/17/2018 0:00,28.03781343,85.0495218,Dataset_BC_Admin
8/18/2018 0:00,27.98153623,85.15497396,Dataset_BC_Admin
8/18/2018 0:00,27.76554314,85.38661258,Dataset_BC_Admin
8/18/2018 0:00,27.74874209,85.3884208,Dataset_BC_Admin
8/19/2018 0:00,27.7428778,85.38336495,Dataset_BC_Admin
8/23/2018 0:00,27.72607072,85.37493101,Dataset_BC_Admin
8/23/2018 0:00,28.04572496,85.17274283,Dataset_BC_Admin
8/24/2018 0:00,27.72951019,85.37494605,Dataset_BC_Admin
8/24/2018 0:00,28.05130564,85.15932815,Dataset_BC_Admin
8/25/2018 0:00,27.89056822,85.12104999,Dataset_BC_Admin
8/26/2018 0:00,27.73329182,85.21082918,Dataset_BC_Admin
8/26/2018 0:00,27.88181818,85.12604038,Dataset_BC_Admin
8/27/2018 0:00,27.71692538,85.32123946,Dataset_BC_Admin
8/27/2018 0:00,27.72354084,85.18684801,Dataset_BC_Admin
8/28/2018 0:00,27.85142122,85.23024263,Dataset_BC_Admin
8/28/2018 0:00,27.71175871,85.31850802,Dataset_BC_Admin
8/29/2018 0:00,27.84321739,85.22455907,Dataset_BC_Admin
9/1/2018 0:00,27.73733586,85.38325802,Dataset_BC_Admin
9/2/2018 0:00,27.73181806,85.37959731,Dataset_BC_Admin
9/10/2018 0:00,28.14471661,85.19768326,Dataset_BC_Admin
9/11/2018 0:00,28.01090571,85.01656038,Dataset_BC_Admin
9/11/2018 0:00,28.1274041,85.19025949,Dataset_BC_Admin
9/11/2018 0:00,27.56056931,84.49735824,Dataset_BC_Admin
9/12/2018 0:00,27.99781471,85.03614184,Dataset_BC_Admin
9/14/2018 0:00,28.12903846,85.16251793,Dataset_BC_Admin
9/15/2018 0:00,28.14813164,85.18488289,Dataset_BC_Admin
1/1/2019 0:00,27.96661313,85.1998777,Dataset_BC_Admin
1/2/2019 0:00,27.96218798,85.17777805,Dataset_BC_Admin
2/15/2019 0:00,27.16911155,86.15179003,Dataset_BC_Admin
2/16/2019 0:00,27.15339114,86.14399694,Dataset_BC_Admin
4/20/2019 0:00,27.88492321,85.1396832,Dataset_BC_Admin
4/21/2019 0:00,27.88686761,85.11317829,Dataset_BC_Admin
5/20/2019 0:00,27.12263975,86.13288036,Dataset_BC_Admin
5/21/2019 0:00,27.08149427,86.13166606,Dataset_BC_Admin
6/5/2019 0:00,27.7947129,84.66128782,Dataset_BC_Admin
6/6/2019 0:00,27.81414266,84.65413486,Dataset_BC_Admin
6/19/2019 0:00,28.04920667,85.16882598,Dataset_BC_Admin
6/20/2019 0:00,28.06040937,85.20237247,Dataset_BC_Admin
6/21/2019 0:00,28.1543079,85.25655187,Dataset_BC_Admin
6/22/2019 0:00,28.18844913,85.25329741,Dataset_BC_Admin
6/25/2019 0:00,27.94179375,84.84247004,Dataset_BC_Admin
6/26/2019 0:00,27.9500293,84.82880515,Dataset_BC_Admin
6/30/2019 0:00,27.74074718,84.51805949,Dataset_BC_Admin
7/1/2019 0:00,27.81585503,84.64548896,Dataset_BC_Admin
7/2/2019 0:00,27.81953819,84.64152258,Dataset_BC_Admin
7/2/2019 0:00,27.59101649,84.51402577,Dataset_BC_Admin
7/3/2019 0:00,27.43474432,84.31399171,Dataset_BC_Admin
7/4/2019 0:00,28.22861811,85.25942145,Dataset_BC_Admin
7/4/2019 0:00,27.69406481,86.07108475,Dataset_BC_Admin
7/5/2019 0:00,27.87252896,85.11479744,Dataset_BC_Admin
7/5/2019 0:00,27.68681907,86.12003469,Dataset_BC_Admin
7/5/2019 0:00,27.73691521,86.04423313,Dataset_BC_Admin
7/5/2019 0:00,28.23746146,85.26568343,Dataset_BC_Admin
7/6/2019 0:00,27.89844088,85.14125375,Dataset_BC_Admin
7/6/2019 0:00,27.7134573,86.09210451,Dataset_BC_Admin
7/7/2019 0:00,28.05783379,85.18084378,Dataset_BC_Admin
7/8/2019 0:00,28.23077666,85.25949587,Dataset_BC_Admin
7/8/2019 0:00,28.0628728,85.16786729,Dataset_BC_Admin
7/9/2019 0:00,28.24334797,85.21833892,Dataset_BC_Admin
7/9/2019 0:00,27.4893684,85.28480384,Dataset_BC_Admin
7/9/2019 0:00,27.67219513,85.44274661,Dataset_BC_Admin
7/10/2019 0:00,27.6698016,85.44340987,Dataset_BC_Admin
7/10/2019 0:00,27.48023522,85.28798411,Dataset_BC_Admin
7/10/2019 0:00,27.0647095,86.05327793,Dataset_BC_Admin
7/10/2019 0:00,27.75337114,85.23927985,Dataset_BC_Admin
7/11/2019 0:00,27.53236631,86.18793556,Dataset_BC_Admin
7/11/2019 0:00,27.09312011,86.12308177,Dataset_BC_Admin
7/11/2019 0:00,27.37334694,86.01437463,Dataset_BC_Admin
7/11/2019 0:00,27.23618256,86.15956297,Dataset_BC_Admin
7/11/2019 0:00,27.23679814,86.15263116,Dataset_BC_Admin
7/11/2019 0:00,27.62971841,86.16762496,Dataset_BC_Admin
7/11/2019 0:00,27.77114478,85.60909,Dataset_BC_Admin
7/11/2019 0:00,27.72460101,85.38195313,Dataset_BC_Admin
7/11/2019 0:00,27.60698834,85.41194149,Dataset_BC_Admin
7/11/2019 0:00,27.79854524,84.65357331,Dataset_BC_Admin
7/11/2019 0:00,27.4202408,85.99491999,Dataset_BC_Admin
7/11/2019 0:00,27.93425184,84.84597331,Dataset_BC_Admin
7/11/2019 0:00,27.59438122,85.31804912,Dataset_BC_Admin
7/11/2019 0:00,27.0362221,86.09666521,Dataset_BC_Admin
7/11/2019 0:00,27.52444784,86.18991188,Dataset_BC_Admin
7/11/2019 0:00,27.57768906,85.28643098,Dataset_BC_Admin
7/11/2019 0:00,27.03779835,86.10369074,Dataset_BC_Admin
7/11/2019 0:00,27.13170742,86.09926099,Dataset_BC_Admin
7/12/2019 0:00,27.40401952,86.0367746,Dataset_BC_Admin
7/12/2019 0:00,27.51608802,85.3820384,Dataset_BC_Admin
7/12/2019 0:00,27.59830913,85.37962774,Dataset_BC_Admin
7/12/2019 0:00,27.73102994,85.195967,Dataset_BC_Admin
7/12/2019 0:00,27.5795709,85.36008451,Dataset_BC_Admin
7/12/2019 0:00,27.56733593,85.28275324,Dataset_BC_Admin
7/12/2019 0:00,27.60048627,85.33485789,Dataset_BC_Admin
7/12/2019 0:00,27.82197073,84.64295499,Dataset_BC_Admin
7/12/2019 0:00,27.89680976,84.84878651,Dataset_BC_Admin
7/12/2019 0:00,27.22463717,86.15696858,Dataset_BC_Admin
7/12/2019 0:00,27.21222223,86.12725845,Dataset_BC_Admin
7/12/2019 0:00,27.05423088,86.10905335,Dataset_BC_Admin
7/12/2019 0:00,27.32489591,86.0127051,Dataset_BC_Admin
7/12/2019 0:00,27.40440275,86.02740226,Dataset_BC_Admin
7/12/2019 0:00,27.53082416,86.18575445,Dataset_BC_Admin
7/12/2019 0:00,27.11487027,86.29136637,Dataset_BC_Admin
7/12/2019 0:00,27.63472085,86.17016849,Dataset_BC_Admin
7/12/2019 0:00,27.10438495,86.11090785,Dataset_BC_Admin
7/12/2019 0:00,27.61617879,85.3788333,Dataset_BC_Admin
7/12/2019 0:00,27.72565056,85.37464475,Dataset_BC_Admin
7/13/2019 0:00,27.48405098,85.34970355,Dataset_BC_Admin
7/13/2019 0:00,27.60838848,85.3713573,Dataset_BC_Admin
7/13/2019 0:00,27.58750712,85.34498078,Dataset_BC_Admin
7/13/2019 0:00,27.74113973,85.22578491,Dataset_BC_Admin
7/13/2019 0:00,27.41163413,86.02198245,Dataset_BC_Admin
7/13/2019 0:00,27.11600263,86.24014703,Dataset_BC_Admin
7/14/2019 0:00,27.736807,85.38163646,Dataset_BC_Admin
7/14/2019 0:00,28.02476821,85.18437533,Dataset_BC_Admin
7/14/2019 0:00,27.72699058,85.3739872,Dataset_BC_Admin
7/15/2019 0:00,28.10115742,84.91215426,Dataset_BC_Admin
7/15/2019 0:00,27.73021822,85.38212254,Dataset_BC_Admin
7/15/2019 0:00,27.73842764,85.37522813,Dataset_BC_Admin
7/15/2019 0:00,28.05650973,85.19864241,Dataset_BC_Admin
7/16/2019 0:00,27.66887232,85.44276668,Dataset_BC_Admin
7/16/2019 0:00,27.68386666,85.33357635,Dataset_BC_Admin
7/16/2019 0:00,28.08707267,84.90104036,Dataset_BC_Admin
7/17/2019 0:00,27.66869833,85.44484558,Dataset_BC_Admin
7/17/2019 0:00,27.6982072,85.33701049,Dataset_BC_Admin
7/23/2019 0:00,27.52628977,86.07310227,Dataset_BC_Admin
7/24/2019 0:00,27.52581545,86.05149118,Dataset_BC_Admin
7/25/2019 0:00,27.5317564,86.08495529,Dataset_BC_Admin
7/26/2019 0:00,27.79783591,84.7446877,Dataset_BC_Admin
7/26/2019 0:00,28.05860312,85.14917711,Dataset_BC_Admin
7/26/2019 0:00,27.50478413,86.07013802,Dataset_BC_Admin
7/27/2019 0:00,28.04380814,85.19021593,Dataset_BC_Admin
7/27/2019 0:00,27.79088149,84.75579133,Dataset_BC_Admin
7/28/2019 0:00,27.68702696,86.04385367,Dataset_BC_Admin
7/29/2019 0:00,27.69756516,86.02112112,Dataset_BC_Admin
8/2/2019 0:00,27.70706549,86.04879683,Dataset_BC_Admin
8/2/2019 0:00,27.62044595,86.16992755,Dataset_BC_Admin
8/3/2019 0:00,27.62747799,86.15595513,Dataset_BC_Admin
8/3/2019 0:00,27.69502616,86.04795583,Dataset_BC_Admin
8/5/2019 0:00,27.80828484,85.93674053,Dataset_BC_Admin
8/5/2019 0:00,28.05608454,85.07532838,Dataset_BC_Admin
8/5/2019 0:00,27.79999238,85.89465899,Dataset_BC_Admin
8/5/2019 0:00,27.56060491,85.2920176,Dataset_BC_Admin
8/6/2019 0:00,28.03381681,85.06384036,Dataset_BC_Admin
8/6/2019 0:00,27.55817433,85.27629217,Dataset_BC_Admin
8/9/2019 0:00,27.71636876,86.03801477,Dataset_BC_Admin
8/10/2019 0:00,27.727474,85.64319053,Dataset_BC_Admin
8/10/2019 0:00,27.69460137,86.02643346,Dataset_BC_Admin
8/20/2019 0:00,27.69689143,85.31082324,Dataset_BC_Admin
8/21/2019 0:00,27.69423062,85.31135155,Dataset_BC_Admin
8/21/2019 0:00,27.51239226,86.07411903,Dataset_BC_Admin
8/22/2019 0:00,28.05775007,85.18105139,Dataset_BC_Admin
8/22/2019 0:00,27.4992625,86.08021149,Dataset_BC_Admin
8/22/2019 0:00,27.71388784,86.0721079,Dataset_BC_Admin
8/23/2019 0:00,27.46490631,85.30767662,Dataset_BC_Admin
8/23/2019 0:00,28.0444735,85.19321905,Dataset_BC_Admin
8/23/2019 0:00,27.71592037,86.08475755,Dataset_BC_Admin
8/23/2019 0:00,27.61768678,86.15290279,Dataset_BC_Admin
8/24/2019 0:00,27.93910472,85.63101402,Dataset_BC_Admin
8/24/2019 0:00,27.44898905,85.31184792,Dataset_BC_Admin
8/24/2019 0:00,27.62127465,86.12583534,Dataset_BC_Admin
8/30/2019 0:00,27.93346502,85.63519976,Dataset_BC_Admin
8/31/2019 0:00,27.73725448,85.37462329,Dataset_BC_Admin
8/31/2019 0:00,28.00385615,85.10352605,Dataset_BC_Admin
9/1/2019 0:00,28.00461929,85.08671159,Dataset_BC_Admin
9/1/2019 0:00,27.73383342,85.37636431,Dataset_BC_Admin
9/2/2019 0:00,27.4899326,85.34875386,Dataset_BC_Admin
9/3/2019 0:00,27.49242472,85.36944553,Dataset_BC_Admin
9/4/2019 0:00,27.60241847,85.34471017,Dataset_BC_Admin
9/5/2019 0:00,27.58345665,85.35830641,Dataset_BC_Admin
9/17/2019 0:00,27.72791136,85.64150728,Dataset_BC_Admin
1/16/2020 0:00,27.49363133,85.27867257,Dataset_BC_Admin
1/16/2020 0:00,27.73221597,85.38380584,Dataset_BC_Admin
1/17/2020 0:00,27.73033221,85.38324615,Dataset_BC_Admin
1/17/2020 0:00,27.52676486,85.30889508,Dataset_BC_Admin
3/26/2020 0:00,27.94624275,84.84300024,Dataset_BC_Admin
3/27/2020 0:00,27.96643073,84.83849088,Dataset_BC_Admin
6/15/2020 0:00,27.50734406,85.28928177,Dataset_BC_Admin
6/16/2020 0:00,27.50370164,85.29366191,Dataset_BC_Admin
6/16/2020 0:00,27.46028031,85.32953221,Dataset_BC_Admin
6/16/2020 0:00,27.54594307,85.37871079,Dataset_BC_Admin
6/17/2020 0:00,27.5464171,85.39610205,Dataset_BC_Admin
6/17/2020 0:00,27.44991105,85.3028122,Dataset_BC_Admin
6/17/2020 0:00,27.56141927,84.51319399,Dataset_BC_Admin
6/19/2020 0:00,27.48983434,85.27575657,Dataset_BC_Admin
6/19/2020 0:00,28.30311505,85.24451967,Dataset_BC_Admin
6/20/2020 0:00,27.48069355,85.36376133,Dataset_BC_Admin
6/20/2020 0:00,28.31070446,85.20825757,Dataset_BC_Admin
6/20/2020 0:00,27.4996858,85.29496032,Dataset_BC_Admin
6/21/2020 0:00,27.51205708,85.36758221,Dataset_BC_Admin
6/23/2020 0:00,27.24735357,86.17170199,Dataset_BC_Admin
6/24/2020 0:00,27.23551407,86.15129136,Dataset_BC_Admin
6/29/2020 0:00,27.51889444,85.2910755,Dataset_BC_Admin
6/30/2020 0:00,27.51702676,85.29013482,Dataset_BC_Admin
7/2/2020 0:00,27.66792151,85.88780572,Dataset_BC_Admin
7/4/2020 0:00,27.51868859,85.30839772,Dataset_BC_Admin
7/5/2020 0:00,27.48506768,85.27855805,Dataset_BC_Admin
7/5/2020 0:00,27.75318774,85.66555852,Dataset_BC_Admin
7/6/2020 0:00,27.62546632,86.11546239,Dataset_BC_Admin
7/7/2020 0:00,27.63875851,86.09817534,Dataset_BC_Admin
7/8/2020 0:00,27.21247337,86.13251164,Dataset_BC_Admin
7/8/2020 0:00,27.78143537,85.58227209,Dataset_BC_Admin
7/8/2020 0:00,27.78628122,85.59382535,Dataset_BC_Admin
7/9/2020 0:00,27.7979772,85.90256092,Dataset_BC_Admin
7/9/2020 0:00,27.93183831,85.60599915,Dataset_BC_Admin
7/9/2020 0:00,28.05654496,85.14570876,Dataset_BC_Admin
7/9/2020 0:00,27.04071002,86.09955864,Dataset_BC_Admin
7/9/2020 0:00,27.21714174,86.16881751,Dataset_BC_Admin
7/9/2020 0:00,27.69245919,86.04863074,Dataset_BC_Admin
7/9/2020 0:00,27.79738952,85.90459514,Dataset_BC_Admin
7/10/2020 0:00,28.06185843,85.17358874,Dataset_BC_Admin
7/10/2020 0:00,27.70527809,86.0559758,Dataset_BC_Admin
7/10/2020 0:00,27.20572956,86.15842163,Dataset_BC_Admin
7/10/2020 0:00,27.09382996,86.07743619,Dataset_BC_Admin
7/11/2020 0:00,27.71096478,86.04077149,Dataset_BC_Admin
7/11/2020 0:00,27.23804077,86.14141573,Dataset_BC_Admin
7/12/2020 0:00,27.68788101,86.04486424,Dataset_BC_Admin
7/15/2020 0:00,27.68241157,85.91136606,Dataset_BC_Admin
7/17/2020 0:00,27.70526091,85.48987539,Dataset_BC_Admin
7/18/2020 0:00,27.71261214,85.3273791,Dataset_BC_Admin
7/18/2020 0:00,27.69024031,85.46661977,Dataset_BC_Admin
7/19/2020 0:00,28.21960741,85.19896334,Dataset_BC_Admin
7/19/2020 0:00,27.75254017,85.65496929,Dataset_BC_Admin
7/19/2020 0:00,27.74723616,85.2219172,Dataset_BC_Admin
7/19/2020 0:00,27.96927023,84.83605691,Dataset_BC_Admin
7/19/2020 0:00,27.71594076,85.32461662,Dataset_BC_Admin
7/19/2020 0:00,27.78609741,84.7243364,Dataset_BC_Admin
7/20/2020 0:00,27.9444684,84.84165809,Dataset_BC_Admin
7/20/2020 0:00,28.29524844,85.20873629,Dataset_BC_Admin
7/20/2020 0:00,27.79559162,84.72634848,Dataset_BC_Admin
7/20/2020 0:00,27.73250944,85.18536176,Dataset_BC_Admin
7/20/2020 0:00,27.71344376,85.31739638,Dataset_BC_Admin
7/20/2020 0:00,27.73587943,85.37611433,Dataset_BC_Admin
7/21/2020 0:00,27.73717176,84.50309172,Dataset_BC_Admin
7/21/2020 0:00,27.73577901,85.37260566,Dataset_BC_Admin
7/21/2020 0:00,27.71724199,85.32179788,Dataset_BC_Admin
7/23/2020 0:00,27.93960881,84.83545667,Dataset_BC_Admin
7/23/2020 0:00,28.00076004,85.16440889,Dataset_BC_Admin
7/24/2020 0:00,27.99308111,85.17462734,Dataset_BC_Admin
7/24/2020 0:00,27.96634125,84.83184906,Dataset_BC_Admin
7/25/2020 0:00,27.95180539,85.14507337,Dataset_BC_Admin
7/26/2020 0:00,27.95029416,85.15893991,Dataset_BC_Admin
7/27/2020 0:00,27.05356895,86.07042565,Dataset_BC_Admin
7/27/2020 0:00,27.54299725,86.01888912,Dataset_BC_Admin
7/28/2020 0:00,27.07511896,86.06083256,Dataset_BC_Admin
7/28/2020 0:00,27.53212069,86.05758762,Dataset_BC_Admin
7/30/2020 0:00,27.60711589,84.51166496,Dataset_BC_Admin
7/31/2020 0:00,27.93308954,85.10113337,Dataset_BC_Admin
7/31/2020 0:00,27.99218841,85.10967673,Dataset_BC_Admin
8/1/2020 0:00,27.93096224,85.072257,Dataset_BC_Admin
8/1/2020 0:00,27.56054508,84.49688294,Dataset_BC_Admin
8/1/2020 0:00,27.98662826,85.09697602,Dataset_BC_Admin
8/2/2020 0:00,27.96349124,85.60316402,Dataset_BC_Admin
8/2/2020 0:00,27.73854441,85.6422347,Dataset_BC_Admin
8/2/2020 0:00,27.96396391,85.61769168,Dataset_BC_Admin
8/5/2020 0:00,27.8657241,85.23008062,Dataset_BC_Admin
8/5/2020 0:00,27.69661072,86.09419025,Dataset_BC_Admin
8/5/2020 0:00,27.48765909,85.369392,Dataset_BC_Admin
8/6/2020 0:00,27.70950546,86.08871217,Dataset_BC_Admin
8/6/2020 0:00,27.86171096,85.23090162,Dataset_BC_Admin
8/6/2020 0:00,27.50305922,85.36503266,Dataset_BC_Admin
8/8/2020 0:00,27.59060901,84.50728709,Dataset_BC_Admin
8/9/2020 0:00,27.92561428,85.09853453,Dataset_BC_Admin
8/10/2020 0:00,27.94024957,85.08966882,Dataset_BC_Admin
8/13/2020 0:00,27.96177375,85.62671912,Dataset_BC_Admin
8/14/2020 0:00,27.6681062,85.92847522,Dataset_BC_Admin
8/15/2020 0:00,28.16039009,85.2409612,Dataset_BC_Admin
8/16/2020 0:00,28.1947023,85.24047952,Dataset_BC_Admin
8/16/2020 0:00,28.05726022,85.15270245,Dataset_BC_Admin
8/17/2020 0:00,28.06582328,85.17076601,Dataset_BC_Admin
8/25/2020 0:00,27.66166589,85.87997356,Dataset_BC_Admin
8/31/2020 0:00,27.52194095,86.07993187,Dataset_BC_Admin
9/1/2020 0:00,27.50833302,86.07612853,Dataset_BC_Admin
9/6/2020 0:00,27.67041616,85.86614293,Dataset_BC_Admin
9/7/2020 0:00,27.50012163,86.13708015,Dataset_BC_Admin
9/8/2020 0:00,27.4996683,86.1411141,Dataset_BC_Admin
9/11/2020 0:00,27.69861622,86.05369468,Dataset_BC_Admin
9/12/2020 0:00,27.88232046,85.64171355,Dataset_BC_Admin
9/12/2020 0:00,27.6896366,86.04977147,Dataset_BC_Admin
9/22/2020 0:00,27.48261132,85.2849446,Dataset_BC_Admin
9/23/2020 0:00,27.4985575,85.28447996,Dataset_BC_Admin
9/29/2020 0:00,27.49205531,85.29152509,Dataset_BC_Admin
9/30/2020 0:00,27.49864529,85.29956057,Dataset_BC_Admin
10/1/2020 0:00,27.72367446,85.38052452,Dataset_BC_Admin
10/2/2020 0:00,27.73251879,85.38419927,Dataset_BC_Admin
6/5/2021 0:00,27.10192297,86.25523141,Dataset_BC_Admin
6/6/2021 0:00,27.08400875,86.25839358,Dataset_BC_Admin
6/14/2021 0:00,28.29089632,85.2355378,Dataset_BC_Admin
6/14/2021 0:00,27.8035326,84.64628554,Dataset_BC_Admin
6/15/2021 0:00,28.22510749,85.29782173,Dataset_BC_Admin
6/15/2021 0:00,27.81742923,84.63212995,Dataset_BC_Admin
6/18/2021 0:00,27.93369827,85.62869425,Dataset_BC_Admin
6/19/2021 0:00,27.56470135,84.508464,Dataset_BC_Admin
6/30/2021 0:00,27.11326527,86.28066644,Dataset_BC_Admin
6/30/2021 0:00,27.66965679,85.42643629,Dataset_BC_Admin
6/30/2021 0:00,27.16192668,86.2234616,Dataset_BC_Admin
7/1/2021 0:00,27.66530946,85.42865887,Dataset_BC_Admin
7/1/2021 0:00,27.71988027,85.37069941,Dataset_BC_Admin
7/1/2021 0:00,27.67388516,85.4307705,Dataset_BC_Admin
7/1/2021 0:00,27.80527285,84.67354724,Dataset_BC_Admin
7/1/2021 0:00,27.12827367,86.27531111,Dataset_BC_Admin
7/1/2021 0:00,27.65195777,84.49517014,Dataset_BC_Admin
7/1/2021 0:00,27.64879686,84.49929594,Dataset_BC_Admin
7/1/2021 0:00,27.15084165,86.24027056,Dataset_BC_Admin
7/2/2021 0:00,27.74944708,84.69564184,Dataset_BC_Admin
7/2/2021 0:00,27.81714478,84.64839138,Dataset_BC_Admin
7/2/2021 0:00,27.71401764,85.36550452,Dataset_BC_Admin
7/2/2021 0:00,27.67234772,85.43213758,Dataset_BC_Admin
7/3/2021 0:00,27.56597781,86.34516937,Dataset_BC_Admin
7/3/2021 0:00,27.9979395,85.18117951,Dataset_BC_Admin
7/3/2021 0:00,27.78083581,84.69661788,Dataset_BC_Admin
7/4/2021 0:00,27.5448476,86.35724617,Dataset_BC_Admin
7/4/2021 0:00,28.0081232,85.1806837,Dataset_BC_Admin
7/6/2021 0:00,27.7932814,84.4794543,Dataset_BC_Admin
7/8/2021 0:00,27.69085189,85.29374553,Dataset_BC_Admin
7/9/2021 0:00,27.98025823,85.13202137,Dataset_BC_Admin
7/9/2021 0:00,27.63407659,86.08859732,Dataset_BC_Admin
7/9/2021 0:00,27.69124238,85.29837784,Dataset_BC_Admin
7/9/2021 0:00,27.8058374,86.19050191,Dataset_BC_Admin
7/10/2021 0:00,27.99767085,85.12328483,Dataset_BC_Admin
7/10/2021 0:00,27.79904536,86.21333823,Dataset_BC_Admin
7/10/2021 0:00,27.64395242,86.12252784,Dataset_BC_Admin
7/20/2021 0:00,27.87080191,85.23844544,Dataset_BC_Admin
7/21/2021 0:00,27.84296494,85.21845366,Dataset_BC_Admin
7/24/2021 0:00,27.8818478,85.13255271,Dataset_BC_Admin
7/25/2021 0:00,27.65008628,85.87746362,Dataset_BC_Admin
7/25/2021 0:00,27.88319075,85.13102223,Dataset_BC_Admin
7/28/2021 0:00,27.46514398,86.00795037,Dataset_BC_Admin
7/29/2021 0:00,27.39160083,86.03967513,Dataset_BC_Admin
7/29/2021 0:00,27.99927342,85.01896755,Dataset_BC_Admin
7/29/2021 0:00,27.46746323,86.00038728,Dataset_BC_Admin
7/30/2021 0:00,27.40450864,86.03719419,Dataset_BC_Admin
7/30/2021 0:00,28.02138967,84.9980212,Dataset_BC_Admin
8/9/2021 0:00,28.15395509,85.30257371,Dataset_BC_Admin
8/10/2021 0:00,28.177946,85.32819576,Dataset_BC_Admin
8/11/2021 0:00,27.66772707,85.42543121,Dataset_BC_Admin
8/12/2021 0:00,27.66738208,85.42592483,Dataset_BC_Admin
8/13/2021 0:00,27.88231861,85.13398677,Dataset_BC_Admin
8/14/2021 0:00,27.87458324,85.11839123,Dataset_BC_Admin
8/18/2021 0:00,28.01592171,85.17910239,Dataset_BC_Admin
8/18/2021 0:00,28.28152644,85.23281548,Dataset_BC_Admin
8/18/2021 0:00,28.00543468,85.18100298,Dataset_BC_Admin
8/19/2021 0:00,27.98768219,85.17744739,Dataset_BC_Admin
8/19/2021 0:00,28.26130389,85.29093435,Dataset_BC_Admin
8/19/2021 0:00,28.00073791,85.17513364,Dataset_BC_Admin
8/29/2021 0:00,27.9990499,85.10105951,Dataset_BC_Admin
8/30/2021 0:00,28.00351561,85.09828926,Dataset_BC_Admin
8/30/2021 0:00,27.99141338,85.08091145,Dataset_BC_Admin
8/31/2021 0:00,27.16036051,86.10907827,Dataset_BC_Admin
8/31/2021 0:00,27.99860646,85.08110674,Dataset_BC_Admin
9/1/2021 0:00,27.16693269,86.1332186,Dataset_BC_Admin
9/6/2021 0:00,27.74476326,85.38238967,Dataset_BC_Admin
9/7/2021 0:00,27.7756658,85.38694623,Dataset_BC_Admin
1/12/2022 0:00,27.76480483,85.20968439,Dataset_BC_Admin
1/13/2022 0:00,27.77539359,85.25199859,Dataset_BC_Admin
1/25/2022 0:00,28.2006324,85.30830014,Dataset_BC_Admin
1/26/2022 0:00,28.23679601,85.29619889,Dataset_BC_Admin
5/27/2022 0:00,27.55411849,84.50673868,Dataset_BC_Admin
6/9/2022 0:00,28.08882326,84.93744226,Dataset_BC_Admin
6/10/2022 0:00,28.06394793,84.90793853,Dataset_BC_Admin
6/14/2022 0:00,27.93930421,84.84446602,Dataset_BC_Admin
6/14/2022 0:00,27.75715674,85.25842558,Dataset_BC_Admin
6/15/2022 0:00,27.9539475,84.82881168,Dataset_BC_Admin
6/18/2022 0:00,27.57505524,84.49451323,Dataset_BC_Admin
6/25/2022 0:00,28.1675665,85.29992377,Dataset_BC_Admin
6/26/2022 0:00,28.16951044,85.31176716,Dataset_BC_Admin
6/27/2022 0:00,27.3726034,85.99605737,Dataset_BC_Admin
6/28/2022 0:00,27.34847364,86.00236432,Dataset_BC_Admin
6/30/2022 0:00,27.59289369,86.35414743,Dataset_BC_Admin
7/1/2022 0:00,27.59127067,86.34677891,Dataset_BC_Admin
7/19/2022 0:00,27.71349213,85.31650062,Dataset_BC_Admin
7/20/2022 0:00,27.71348176,85.31673107,Dataset_BC_Admin
7/23/2022 0:00,27.44261864,84.3305357,Dataset_BC_Admin
7/23/2022 0:00,27.69330046,86.02809894,Dataset_BC_Admin
7/24/2022 0:00,27.71878849,86.03450109,Dataset_BC_Admin
7/24/2022 0:00,27.42902618,86.01430027,Dataset_BC_Admin
7/25/2022 0:00,27.99235057,85.62186042,Dataset_BC_Admin
7/25/2022 0:00,27.43763644,86.06895139,Dataset_BC_Admin
7/25/2022 0:00,27.90589699,84.82075455,Dataset_BC_Admin
7/25/2022 0:00,27.41458304,86.00627305,Dataset_BC_Admin
7/26/2022 0:00,27.45649294,86.05159566,Dataset_BC_Admin
7/26/2022 0:00,27.46163338,86.06359639,Dataset_BC_Admin
7/26/2022 0:00,27.92555746,84.84791619,Dataset_BC_Admin
7/27/2022 0:00,27.45901947,86.05716384,Dataset_BC_Admin
7/30/2022 0:00,27.49340615,86.13508726,Dataset_BC_Admin
7/31/2022 0:00,27.50629942,86.12460814,Dataset_BC_Admin
7/31/2022 0:00,27.67316176,85.86674783,Dataset_BC_Admin
8/1/2022 0:00,27.79171826,84.43848163,Dataset_BC_Admin
8/5/2022 0:00,27.74578465,85.649412,Dataset_BC_Admin
8/7/2022 0:00,27.72040732,86.06067727,Dataset_BC_Admin
8/7/2022 0:00,27.87574483,85.5858918,Dataset_BC_Admin
8/8/2022 0:00,27.72369116,86.05987461,Dataset_BC_Admin
8/8/2022 0:00,27.98781566,85.12136251,Dataset_BC_Admin
8/9/2022 0:00,27.99054723,85.08418909,Dataset_BC_Admin
8/9/2022 0:00,27.7128282,85.31860698,Dataset_BC_Admin
8/10/2022 0:00,27.7093016,85.32514827,Dataset_BC_Admin
8/17/2022 0:00,27.6071157,86.35627683,Dataset_BC_Admin
8/18/2022 0:00,27.575648,86.35667052,Dataset_BC_Admin
8/19/2022 0:00,27.5360384,85.28376818,Dataset_BC_Admin
8/20/2022 0:00,27.52164414,85.31335513,Dataset_BC_Admin
8/24/2022 0:00,27.79637884,84.46428313,Dataset_BC_Admin
8/26/2022 0:00,27.51327183,86.07768378,Dataset_BC_Admin
8/27/2022 0:00,27.5288342,86.08268201,Dataset_BC_Admin
8/27/2022 0:00,27.17388606,86.11947931,Dataset_BC_Admin
8/28/2022 0:00,27.17364444,86.15618823,Dataset_BC_Admin
8/31/2022 0:00,27.78486712,84.47901932,Dataset_BC_Admin
9/1/2022 0:00,27.79206289,84.49726581,Dataset_BC_Admin
9/2/2022 0:00,27.81429015,84.45850451,Dataset_BC_Admin
9/6/2022 0:00,27.74613152,85.66715746,Dataset_BC_Admin
9/14/2022 0:00,27.7851069,85.56026226,Dataset_BC_Admin
9/18/2022 0:00,27.72618099,85.37797592,Dataset_BC_Admin
9/19/2022 0:00,27.72436029,85.38190343,Dataset_BC_Admin
9/22/2022 0:00,27.71975519,85.37330102,Dataset_BC_Admin
9/23/2022 0:00,27.71774463,85.36677458,Dataset_BC_Admin
10/4/2022 0:00,27.99533248,85.60562113,Dataset_BC_Admin
10/5/2022 0:00,27.76942559,84.69104248,Dataset_BC_Admin
10/5/2022 0:00,28.32890192,85.19078431,Dataset_BC_Admin
10/5/2022 0:00,27.92900144,84.83802052,Dataset_BC_Admin
10/6/2022 0:00,28.30218729,85.18596264,Dataset_BC_Admin
10/6/2022 0:00,27.7657267,84.70549077,Dataset_BC_Admin
10/6/2022 0:00,27.92243897,84.84878359,Dataset_BC_Admin
10/6/2022 0:00,27.71781115,85.32022672,Dataset_BC_Admin
10/7/2022 0:00,27.72374851,85.32111584,Dataset_BC_Admin
11/3/2022 0:00,27.50392775,86.11929816,Dataset_BC_Admin
11/4/2022 0:00,27.50373653,86.12812033,Dataset_BC_Admin
3/26/2023 0:00,27.69978443,86.05949843,Dataset_BC_Admin
3/27/2023 0:00,27.7049845,86.01797669,Dataset_BC_Admin
3/27/2023 0:00,27.5547261,84.50075113,Dataset_BC_Admin
5/22/2023 0:00,27.58610251,84.51015088,Dataset_BC_Admin
5/24/2023 0:00,27.76992151,85.24657818,Dataset_BC_Admin
5/25/2023 0:00,27.74516489,84.86341468,Dataset_BC_Admin
5/26/2023 0:00,27.51599036,85.29917391,Dataset_BC_Admin
5/27/2023 0:00,27.48147835,85.28288052,Dataset_BC_Admin
6/13/2023 0:00,27.75925412,85.26054998,Dataset_BC_Admin
6/13/2023 0:00,27.60470676,85.35006555,Dataset_BC_Admin
6/14/2023 0:00,28.0977774,84.89370746,Dataset_BC_Admin
6/14/2023 0:00,27.52208406,85.28433896,Dataset_BC_Admin
6/14/2023 0:00,27.99340874,85.06548094,Dataset_BC_Admin
6/14/2023 0:00,27.76653863,85.24797898,Dataset_BC_Admin
6/15/2023 0:00,27.98995402,85.09356503,Dataset_BC_Admin
6/15/2023 0:00,27.9661884,84.83420648,Dataset_BC_Admin
6/15/2023 0:00,27.74523963,85.20805362,Dataset_BC_Admin
6/15/2023 0:00,27.71687003,85.19781819,Dataset_BC_Admin
6/16/2023 0:00,27.74183351,85.2309737,Dataset_BC_Admin
6/20/2023 0:00,27.53713786,86.06595228,Dataset_BC_Admin
6/21/2023 0:00,27.53620987,86.05011129,Dataset_BC_Admin
6/21/2023 0:00,27.58057211,84.49396422,Dataset_BC_Admin
6/23/2023 0:00,27.7719944,85.59110422,Dataset_BC_Admin
6/23/2023 0:00,27.34717677,86.01905981,Dataset_BC_Admin
6/23/2023 0:00,27.12374189,86.1258039,Dataset_BC_Admin
6/24/2023 0:00,27.33789493,85.98608665,Dataset_BC_Admin
6/24/2023 0:00,27.05781207,86.08343867,Dataset_BC_Admin
6/26/2023 0:00,27.58780324,85.35541842,Dataset_BC_Admin
6/26/2023 0:00,27.78746761,84.47014882,Dataset_BC_Admin
6/27/2023 0:00,27.73441943,84.51387494,Dataset_BC_Admin
6/27/2023 0:00,27.53104892,85.28158971,Dataset_BC_Admin
6/27/2023 0:00,27.53022432,85.29615769,Dataset_BC_Admin
6/28/2023 0:00,27.71001028,86.05194459,Dataset_BC_Admin
6/28/2023 0:00,27.51230228,85.30285597,Dataset_BC_Admin
6/29/2023 0:00,27.51677863,85.28372888,Dataset_BC_Admin
6/29/2023 0:00,27.68869772,86.11693038,Dataset_BC_Admin
6/29/2023 0:00,27.44664811,84.32957575,Dataset_BC_Admin
6/30/2023 0:00,27.7284847,85.20108514,Dataset_BC_Admin
6/30/2023 0:00,27.49405632,85.28441135,Dataset_BC_Admin
6/30/2023 0:00,27.44618659,84.33005298,Dataset_BC_Admin
7/1/2023 0:00,27.7381834,85.21552235,Dataset_BC_Admin
7/1/2023 0:00,27.73150778,85.17209872,Dataset_BC_Admin
7/1/2023 0:00,27.79724912,85.59652689,Dataset_BC_Admin
7/1/2023 0:00,27.88707918,85.59823371,Dataset_BC_Admin
7/1/2023 0:00,27.4297896,84.31549444,Dataset_BC_Admin
7/2/2023 0:00,27.77017681,84.74164987,Dataset_BC_Admin
7/2/2023 0:00,27.52328676,85.29426991,Dataset_BC_Admin
7/2/2023 0:00,27.74162831,85.23360587,Dataset_BC_Admin
7/3/2023 0:00,27.50803227,85.3045261,Dataset_BC_Admin
7/3/2023 0:00,28.04902538,84.90721373,Dataset_BC_Admin
7/3/2023 0:00,27.76930374,84.74889223,Dataset_BC_Admin
7/3/2023 0:00,27.44803478,84.3286066,Dataset_BC_Admin
7/3/2023 0:00,27.69093861,86.06104469,Dataset_BC_Admin
7/3/2023 0:00,27.5178557,85.30856048,Dataset_BC_Admin
7/4/2023 0:00,27.53868141,86.01137033,Dataset_BC_Admin
7/4/2023 0:00,27.49407515,85.31030409,Dataset_BC_Admin
7/4/2023 0:00,28.04707742,84.91085606,Dataset_BC_Admin
7/4/2023 0:00,27.09050517,86.08944942,Dataset_BC_Admin
7/4/2023 0:00,27.51155778,85.3061303,Dataset_BC_Admin
7/4/2023 0:00,27.58640567,85.34310326,Dataset_BC_Admin
7/5/2023 0:00,27.51193829,85.30901034,Dataset_BC_Admin
7/5/2023 0:00,27.59073737,85.32708251,Dataset_BC_Admin
7/5/2023 0:00,27.5178836,85.28347668,Dataset_BC_Admin
7/5/2023 0:00,27.39311742,84.30747079,Dataset_BC_Admin
7/5/2023 0:00,27.03853021,86.10304359,Dataset_BC_Admin
7/6/2023 0:00,27.70780661,86.02253487,Dataset_BC_Admin
7/6/2023 0:00,27.99042289,85.58431846,Dataset_BC_Admin
7/6/2023 0:00,27.53449683,85.30193986,Dataset_BC_Admin
7/7/2023 0:00,27.69499839,86.04492743,Dataset_BC_Admin
7/7/2023 0:00,27.58829234,85.35629234,Dataset_BC_Admin
7/8/2023 0:00,27.59065257,85.31514264,Dataset_BC_Admin
7/8/2023 0:00,27.56376586,84.50145397,Dataset_BC_Admin
7/11/2023 0:00,27.73576218,85.38164298,Dataset_BC_Admin
7/12/2023 0:00,27.71820876,85.37425397,Dataset_BC_Admin
7/12/2023 0:00,27.96362821,85.6016233,Dataset_BC_Admin
7/12/2023 0:00,27.17499955,86.11584523,Dataset_BC_Admin
7/13/2023 0:00,27.5928067,85.34964415,Dataset_BC_Admin
7/13/2023 0:00,27.20086782,86.13160737,Dataset_BC_Admin
7/14/2023 0:00,28.28113333,85.22867036,Dataset_BC_Admin
7/14/2023 0:00,27.51035599,85.30331933,Dataset_BC_Admin
7/15/2023 0:00,28.19707741,85.28350599,Dataset_BC_Admin
7/17/2023 0:00,27.74658246,85.24355686,Dataset_BC_Admin
7/18/2023 0:00,27.7362963,85.38278164,Dataset_BC_Admin
7/18/2023 0:00,27.7322145,85.19422774,Dataset_BC_Admin
7/19/2023 0:00,27.75643482,85.39401613,Dataset_BC_Admin
7/22/2023 0:00,27.7532689,85.26457761,Dataset_BC_Admin
7/23/2023 0:00,28.03047808,85.06721315,Dataset_BC_Admin
7/23/2023 0:00,27.95051564,84.82773275,Dataset_BC_Admin
7/24/2023 0:00,27.77122951,85.22333198,Dataset_BC_Admin
7/24/2023 0:00,28.00751702,85.01334959,Dataset_BC_Admin
7/25/2023 0:00,27.75485163,85.23889443,Dataset_BC_Admin
7/27/2023 0:00,27.73377277,85.37150423,Dataset_BC_Admin
7/28/2023 0:00,27.71720442,85.37938884,Dataset_BC_Admin
7/30/2023 0:00,27.58539087,84.50612417,Dataset_BC_Admin
7/31/2023 0:00,27.94099276,85.62017208,Dataset_BC_Admin
8/2/2023 0:00,27.50966652,86.07528484,Dataset_BC_Admin
8/2/2023 0:00,27.69161987,86.05500481,Dataset_BC_Admin
8/3/2023 0:00,27.50311579,86.08052316,Dataset_BC_Admin
8/3/2023 0:00,27.68576769,86.10317574,Dataset_BC_Admin
8/4/2023 0:00,27.71901268,85.37372503,Dataset_BC_Admin
8/5/2023 0:00,27.71640694,85.36703111,Dataset_BC_Admin
8/5/2023 0:00,27.56484477,84.50906873,Dataset_BC_Admin
8/6/2023 0:00,28.04199568,85.05071157,Dataset_BC_Admin
8/7/2023 0:00,27.68812039,85.32423576,Dataset_BC_Admin
8/7/2023 0:00,28.06640572,85.08031532,Dataset_BC_Admin
8/7/2023 0:00,27.23752417,86.15235859,Dataset_BC_Admin
8/7/2023 0:00,27.1082884,86.27874193,Dataset_BC_Admin
8/7/2023 0:00,27.67160888,85.41945822,Dataset_BC_Admin
8/7/2023 0:00,27.71640536,85.33934183,Dataset_BC_Admin
8/7/2023 0:00,27.69163216,86.05947955,Dataset_BC_Admin
8/8/2023 0:00,27.69466629,85.31915968,Dataset_BC_Admin
8/8/2023 0:00,27.79131371,86.21206963,Dataset_BC_Admin
8/8/2023 0:00,27.0927638,86.24650766,Dataset_BC_Admin
8/8/2023 0:00,27.24319603,86.14736223,Dataset_BC_Admin
8/8/2023 0:00,27.60237463,84.50743443,Dataset_BC_Admin
8/8/2023 0:00,27.56134265,84.50364602,Dataset_BC_Admin
8/8/2023 0:00,27.66872754,85.42006313,Dataset_BC_Admin
8/8/2023 0:00,27.71885862,85.34121285,Dataset_BC_Admin
8/10/2023 0:00,27.55325585,85.36733015,Dataset_BC_Admin
8/11/2023 0:00,27.94553638,85.17681779,Dataset_BC_Admin
8/11/2023 0:00,27.55226213,85.37216882,Dataset_BC_Admin
8/12/2023 0:00,27.93720049,85.17344047,Dataset_BC_Admin
8/12/2023 0:00,27.96819767,85.62734278,Dataset_BC_Admin
8/12/2023 0:00,27.68809214,86.04705555,Dataset_BC_Admin
8/13/2023 0:00,27.50829623,86.08345501,Dataset_BC_Admin
8/15/2023 0:00,27.78459486,85.57570364,Dataset_BC_Admin
8/15/2023 0:00,27.62136284,86.36507893,Dataset_BC_Admin
8/16/2023 0:00,28.15675165,85.30582435,Dataset_BC_Admin
8/16/2023 0:00,27.6724741,86.34260205,Dataset_BC_Admin
8/17/2023 0:00,28.10749086,85.19934511,Dataset_BC_Admin
8/26/2023 0:00,27.531845,86.0251138,Dataset_BC_Admin
8/27/2023 0:00,27.53353253,86.03910212,Dataset_BC_Admin
12/18/2023 0:00,27.76075088,85.25097468,Dataset_BC_Admin
12/19/2023 0:00,27.73821721,84.69320311,Dataset_BC_Admin
12/26/2023 0:00,28.16598926,85.29347917,Dataset_BC_Admin
12/27/2023 0:00,28.2604242,85.28525647,Dataset_BC_Admin
1/14/2024 0:00,27.75669834,85.26477391,Dataset_BC_Admin
1/14/2024 0:00,27.68678072,86.0434081,Dataset_BC_Admin
1/15/2024 0:00,27.68847725,86.0344144,Dataset_BC_Admin
1/15/2024 0:00,27.7598496,84.70204822,Dataset_BC_Admin
3/29/2024 0:00,28.10863039,85.16818859,Dataset_BC_Admin
3/30/2024 0:00,28.07559514,85.20720674,Dataset_BC_Admin
3/30/2024 0:00,28.06064941,85.20762756,Dataset_BC_Admin
3/31/2024 0:00,28.10355443,85.18903332,Dataset_BC_Admin
5/9/2024 0:00,27.58658754,85.34422678,Dataset_BC_Admin
5/10/2024 0:00,27.52311435,85.30731183,Dataset_BC_Admin
5/13/2024 0:00,27.76506956,85.21709645,Dataset_BC_Admin
5/14/2024 0:00,27.95776459,84.84263761,Dataset_BC_Admin
5/17/2024 0:00,27.10112601,86.10538453,Dataset_BC_Admin
5/18/2024 0:00,27.07888536,86.06958469,Dataset_BC_Admin
5/19/2024 0:00,27.10269372,86.12340841,Dataset_BC_Admin
5/20/2024 0:00,27.21441689,86.15632595,Dataset_BC_Admin
5/27/2024 0:00,27.76304906,85.21375761,Dataset_BC_Admin
5/27/2024 0:00,27.59192864,85.35463015,Dataset_BC_Admin
5/28/2024 0:00,27.95027834,84.84176322,Dataset_BC_Admin
5/28/2024 0:00,27.51748794,85.29557275,Dataset_BC_Admin
5/29/2024 0:00,27.12730086,86.11094601,Dataset_BC_Admin
5/30/2024 0:00,27.11221836,86.10697736,Dataset_BC_Admin
5/30/2024 0:00,27.69446568,86.03952497,Dataset_BC_Admin
5/31/2024 0:00,27.68662432,86.0352724,Dataset_BC_Admin
6/6/2024 0:00,27.68137456,85.43739301,Dataset_BC_Admin
6/7/2024 0:00,27.67755668,85.43587389,Dataset_BC_Admin
6/16/2024 0:00,27.66403842,85.92559715,Dataset_BC_Admin
6/17/2024 0:00,27.58211458,84.66443386,Dataset_BC_Admin
6/17/2024 0:00,27.57252769,84.49580935,Dataset_BC_Admin
6/17/2024 0:00,27.18919838,86.12380857,Dataset_BC_Admin
6/17/2024 0:00,27.7699517,84.68620554,Dataset_BC_Admin
6/18/2024 0:00,27.08350546,86.11536531,Dataset_BC_Admin
6/18/2024 0:00,28.06154834,85.06780723,Dataset_BC_Admin
6/18/2024 0:00,27.77094845,84.6801115,Dataset_BC_Admin
6/18/2024 0:00,27.19693357,86.13242095,Dataset_BC_Admin
6/19/2024 0:00,27.89023563,85.1433387,Dataset_BC_Admin
6/19/2024 0:00,27.18539475,86.15154928,Dataset_BC_Admin
6/19/2024 0:00,27.71671514,86.05455317,Dataset_BC_Admin
6/20/2024 0:00,27.71132953,86.03370612,Dataset_BC_Admin
6/21/2024 0:00,28.0136351,85.2514861,Dataset_BC_Admin
6/22/2024 0:00,28.01378859,85.25439491,Dataset_BC_Admin
6/22/2024 0:00,27.75641545,84.51178919,Dataset_BC_Admin
7/3/2024 0:00,27.77368152,85.24440974,Dataset_BC_Admin
7/4/2024 0:00,27.90432386,84.8209253,Dataset_BC_Admin
7/5/2024 0:00,27.73448188,85.38263358,Dataset_BC_Admin
7/5/2024 0:00,27.96874238,85.61551253,Dataset_BC_Admin
7/5/2024 0:00,27.52894806,86.18854864,Dataset_BC_Admin
7/6/2024 0:00,27.76995817,85.39421271,Dataset_BC_Admin
7/6/2024 0:00,27.74725164,85.38006319,Dataset_BC_Admin
7/6/2024 0:00,27.72548628,85.38465062,Dataset_BC_Admin
7/6/2024 0:00,28.04835839,85.17339343,Dataset_BC_Admin
7/6/2024 0:00,27.67637625,85.44276435,Dataset_BC_Admin
7/6/2024 0:00,27.4133839,86.06846776,Dataset_BC_Admin
7/7/2024 0:00,28.06323435,85.15112011,Dataset_BC_Admin
7/7/2024 0:00,27.75616176,85.24816421,Dataset_BC_Admin
7/7/2024 0:00,27.67486398,85.43199244,Dataset_BC_Admin
7/8/2024 0:00,27.92636432,84.81374559,Dataset_BC_Admin
7/9/2024 0:00,27.73211155,85.37746121,Dataset_BC_Admin
7/9/2024 0:00,27.97208486,85.61513688,Dataset_BC_Admin
7/10/2024 0:00,27.71400198,85.31891887,Dataset_BC_Admin
7/11/2024 0:00,27.75455379,84.50375663,Dataset_BC_Admin
7/11/2024 0:00,27.73472798,85.37548871,Dataset_BC_Admin
7/11/2024 0:00,28.07229278,84.92960153,Dataset_BC_Admin
7/11/2024 0:00,28.16943984,85.31758527,Dataset_BC_Admin
7/12/2024 0:00,27.71701033,85.37163607,Dataset_BC_Admin
7/12/2024 0:00,27.77345773,84.47452461,Dataset_BC_Admin
7/12/2024 0:00,28.07067571,84.93262063,Dataset_BC_Admin
7/12/2024 0:00,28.08145295,85.20176735,Dataset_BC_Admin
7/13/2024 0:00,27.98771507,85.15573024,Dataset_BC_Admin
7/13/2024 0:00,27.73831539,85.37561998,Dataset_BC_Admin
7/13/2024 0:00,28.17829453,85.31886648,Dataset_BC_Admin
7/13/2024 0:00,28.08326294,85.20636792,Dataset_BC_Admin
7/14/2024 0:00,27.74807932,85.39344346,Dataset_BC_Admin
7/14/2024 0:00,27.98387342,85.15356635,Dataset_BC_Admin
7/14/2024 0:00,28.12675167,85.19332288,Dataset_BC_Admin
7/15/2024 0:00,28.1704681,85.29339648,Dataset_BC_Admin
7/15/2024 0:00,28.00688747,85.57972027,Dataset_BC_Admin
7/16/2024 0:00,27.7373092,85.38303508,Dataset_BC_Admin
7/16/2024 0:00,28.15455238,85.31293364,Dataset_BC_Admin
7/16/2024 0:00,28.08534951,85.18671686,Dataset_BC_Admin
7/17/2024 0:00,28.23647618,85.28710575,Dataset_BC_Admin
7/17/2024 0:00,27.73806013,85.38150157,Dataset_BC_Admin
7/17/2024 0:00,27.71884746,85.37092658,Dataset_BC_Admin
7/18/2024 0:00,28.02206431,85.02792382,Dataset_BC_Admin
7/18/2024 0:00,27.93254572,85.62060628,Dataset_BC_Admin
7/18/2024 0:00,27.73383931,85.37765483,Dataset_BC_Admin
7/18/2024 0:00,27.7474845,85.37931496,Dataset_BC_Admin
7/19/2024 0:00,27.72108197,85.3223012,Dataset_BC_Admin
7/19/2024 0:00,27.98445813,85.16262108,Dataset_BC_Admin
7/20/2024 0:00,27.58535844,85.32250585,Dataset_BC_Admin
7/20/2024 0:00,27.73538692,85.37906917,Dataset_BC_Admin
7/21/2024 0:00,27.72315458,85.38077242,Dataset_BC_Admin
7/21/2024 0:00,27.58606052,85.31744657,Dataset_BC_Admin
7/22/2024 0:00,27.99376306,85.05904323,Dataset_BC_Admin
7/22/2024 0:00,27.98821689,85.58248756,Dataset_BC_Admin
7/23/2024 0:00,27.58738841,85.35868922,Dataset_BC_Admin
7/23/2024 0:00,28.01369883,85.02791941,Dataset_BC_Admin
7/24/2024 0:00,27.69897952,86.02616076,Dataset_BC_Admin
7/24/2024 0:00,27.73411579,85.37183803,Dataset_BC_Admin
7/24/2024 0:00,28.15516422,85.31665292,Dataset_BC_Admin
7/24/2024 0:00,27.51119528,86.16189575,Dataset_BC_Admin
7/24/2024 0:00,27.58204016,85.29735409,Dataset_BC_Admin
7/25/2024 0:00,27.96487194,85.63379168,Dataset_BC_Admin
7/25/2024 0:00,27.78466546,85.38867003,Dataset_BC_Admin
7/25/2024 0:00,28.29614479,85.23355484,Dataset_BC_Admin
7/25/2024 0:00,27.3592185,86.0038053,Dataset_BC_Admin
7/25/2024 0:00,27.54628164,86.04862936,Dataset_BC_Admin
7/27/2024 0:00,28.00283622,85.59205339,Dataset_BC_Admin
7/27/2024 0:00,27.73490217,85.37236421,Dataset_BC_Admin
7/28/2024 0:00,27.76760237,85.38467304,Dataset_BC_Admin
7/30/2024 0:00,27.7386862,85.38274246,Dataset_BC_Admin
7/30/2024 0:00,27.52685768,86.16533283,Dataset_BC_Admin
7/30/2024 0:00,27.72037341,85.64878014,Dataset_BC_Admin
7/30/2024 0:00,27.76005133,85.25816452,Dataset_BC_Admin
7/30/2024 0:00,27.86849758,85.58448381,Dataset_BC_Admin
7/30/2024 0:00,27.99898301,85.06398494,Dataset_BC_Admin
7/30/2024 0:00,27.69111834,85.35894632,Dataset_BC_Admin
7/31/2024 0:00,27.69887407,86.04090798,Dataset_BC_Admin
7/31/2024 0:00,27.51185893,86.19646938,Dataset_BC_Admin
7/31/2024 0:00,27.71981529,85.34531511,Dataset_BC_Admin
7/31/2024 0:00,27.67477505,85.35332314,Dataset_BC_Admin
7/31/2024 0:00,28.09840701,84.90805847,Dataset_BC_Admin
7/31/2024 0:00,27.98648467,85.15880569,Dataset_BC_Admin
7/31/2024 0:00,27.43170191,85.94527441,Dataset_BC_Admin
7/31/2024 0:00,27.52686737,85.85829099,Dataset_BC_Admin
8/1/2024 0:00,27.54006151,86.07821536,Dataset_BC_Admin
8/4/2024 0:00,27.76168878,85.26411807,Dataset_BC_Admin
8/4/2024 0:00,27.52772398,86.18936257,Dataset_BC_Admin
8/5/2024 0:00,27.67644131,85.443298,Dataset_BC_Admin
8/5/2024 0:00,27.52001893,86.15145393,Dataset_BC_Admin
8/5/2024 0:00,28.08226331,84.90554957,Dataset_BC_Admin
8/5/2024 0:00,27.73545757,85.38061945,Dataset_BC_Admin
8/5/2024 0:00,27.72650775,85.63946173,Dataset_BC_Admin
8/6/2024 0:00,27.78398801,85.3853414,Dataset_BC_Admin
8/6/2024 0:00,27.67425743,85.43174178,Dataset_BC_Admin
8/6/2024 0:00,27.58723631,85.3523334,Dataset_BC_Admin
8/6/2024 0:00,27.72726216,85.38323035,Dataset_BC_Admin
8/6/2024 0:00,27.72546251,85.37712504,Dataset_BC_Admin
8/7/2024 0:00,27.55554282,85.28957874,Dataset_BC_Admin
8/9/2024 0:00,28.17232684,85.32915244,Dataset_BC_Admin
8/10/2024 0:00,28.16496893,85.30063096,Dataset_BC_Admin
8/10/2024 0:00,27.73387432,85.3793191,Dataset_BC_Admin
8/10/2024 0:00,27.64159482,85.3079775,Dataset_BC_Admin
8/10/2024 0:00,28.16978346,85.30454039,Dataset_BC_Admin
8/10/2024 0:00,27.70696494,85.32769179,Dataset_BC_Admin
8/11/2024 0:00,27.70633315,85.3356057,Dataset_BC_Admin
8/11/2024 0:00,28.23707481,85.276368,Dataset_BC_Admin
8/11/2024 0:00,27.64387594,85.30603298,Dataset_BC_Admin
8/11/2024 0:00,27.72957129,85.38927702,Dataset_BC_Admin
8/12/2024 0:00,27.73552734,85.37714847,Dataset_BC_Admin
8/13/2024 0:00,27.7786628,85.38569794,Dataset_BC_Admin
8/17/2024 0:00,27.73240319,85.37693422,Dataset_BC_Admin
8/17/2024 0:00,28.17206157,85.32526983,Dataset_BC_Admin
8/18/2024 0:00,27.6730374,85.43565273,Dataset_BC_Admin
8/18/2024 0:00,27.98828653,85.04419491,Dataset_BC_Admin
8/18/2024 0:00,28.00646579,85.57575816,Dataset_BC_Admin
8/18/2024 0:00,28.20784852,85.2745833,Dataset_BC_Admin
8/18/2024 0:00,27.74907629,85.39206415,Dataset_BC_Admin
8/18/2024 0:00,27.71376019,85.3328031,Dataset_BC_Admin
8/19/2024 0:00,28.11231916,85.19502477,Dataset_BC_Admin
8/19/2024 0:00,27.67899537,85.43075451,Dataset_BC_Admin
8/19/2024 0:00,27.68211225,85.88255327,Dataset_BC_Admin
8/19/2024 0:00,27.92154525,85.12265889,Dataset_BC_Admin
8/20/2024 0:00,27.67586141,85.43874847,Dataset_BC_Admin
8/20/2024 0:00,27.73439663,85.38640375,Dataset_BC_Admin
8/20/2024 0:00,28.13941336,85.17164479,Dataset_BC_Admin
8/21/2024 0:00,28.17155536,85.29002694,Dataset_BC_Admin
8/21/2024 0:00,27.75724456,85.38875695,Dataset_BC_Admin
8/21/2024 0:00,27.67374173,85.44111192,Dataset_BC_Admin
8/21/2024 0:00,27.78014372,84.48145328,Dataset_BC_Admin
8/22/2024 0:00,28.15228834,85.22186604,Dataset_BC_Admin
8/22/2024 0:00,28.17356128,85.29111084,Dataset_BC_Admin
8/24/2024 0:00,27.5485924,86.17221986,Dataset_BC_Admin
8/24/2024 0:00,27.99916606,85.06948246,Dataset_BC_Admin
8/25/2024 0:00,27.99870868,85.03577257,Dataset_BC_Admin
8/25/2024 0:00,27.7334706,85.38133293,Dataset_BC_Admin
8/25/2024 0:00,27.43778839,85.92748707,Dataset_BC_Admin
8/25/2024 0:00,28.03808514,85.05596396,Dataset_BC_Admin
8/26/2024 0:00,27.73538405,85.38488866,Dataset_BC_Admin
8/26/2024 0:00,27.7288344,85.38640572,Dataset_BC_Admin
8/27/2024 0:00,27.73123931,85.37750404,Dataset_BC_Admin
8/31/2024 0:00,27.08281789,86.13760505,Dataset_BC_Admin
8/31/2024 0:00,27.73835802,85.38571943,Dataset_BC_Admin
9/1/2024 0:00,27.21478623,86.12056621,Dataset_BC_Admin
9/1/2024 0:00,27.71771285,85.37004188,Dataset_BC_Admin
9/2/2024 0:00,28.17420348,85.29259644,Dataset_BC_Admin
9/2/2024 0:00,27.73980168,85.3794953,Dataset_BC_Admin
9/3/2024 0:00,27.72569647,85.38446578,Dataset_BC_Admin
9/3/2024 0:00,28.24677405,85.24355062,Dataset_BC_Admin
9/5/2024 0:00,27.72062762,85.29379073,Dataset_BC_Admin
9/6/2024 0:00,27.70878573,85.29752317,Dataset_BC_Admin
9/14/2024 0:00,27.7370076,85.38503135,Dataset_BC_Admin
9/15/2024 0:00,27.70785985,85.33922553,Dataset_BC_Admin
9/15/2024 0:00,27.56461941,84.50351934,Dataset_BC_Admin
9/20/2024 0:00,28.01056209,85.5910382,Dataset_BC_Admin
9/25/2024 0:00,27.76254491,85.25071994,Dataset_BC_Admin
9/26/2024 0:00,27.62912012,85.30894273,Dataset_BC_Admin
9/26/2024 0:00,27.89050586,84.83081104,Dataset_BC_Admin
9/26/2024 0:00,27.76452646,85.26208864,Dataset_BC_Admin
9/26/2024 0:00,27.71047925,85.28710518,Dataset_BC_Admin
9/26/2024 0:00,27.73574357,85.38494222,Dataset_BC_Admin
9/27/2024 0:00,27.72867823,85.19387353,Dataset_BC_Admin
9/27/2024 0:00,27.6126445,85.2989374,Dataset_BC_Admin
9/27/2024 0:00,27.73391069,85.38023097,Dataset_BC_Admin
9/27/2024 0:00,27.71082921,85.29593245,Dataset_BC_Admin
9/27/2024 0:00,27.75659459,85.2494941,Dataset_BC_Admin
9/27/2024 0:00,27.59410764,85.33516485,Dataset_BC_Admin
9/27/2024 0:00,27.59300218,85.34770587,Dataset_BC_Admin
9/27/2024 0:00,28.04929678,85.05843615,Dataset_BC_Admin
9/27/2024 0:00,27.52435109,86.1540941,Dataset_BC_Admin
9/27/2024 0:00,27.9450073,85.61545618,Dataset_BC_Admin
9/27/2024 0:00,27.67504754,85.44111596,Dataset_BC_Admin
9/27/2024 0:00,27.73720681,85.38407917,Dataset_BC_Admin
9/27/2024 0:00,27.09055832,86.11805758,Dataset_BC_Admin
9/27/2024 0:00,27.70788104,86.03963973,Dataset_BC_Admin
9/27/2024 0:00,27.54906279,85.37965939,Dataset_BC_Admin
9/27/2024 0:00,27.59403522,85.33467296,Dataset_BC_Admin
9/27/2024 0:00,28.11385987,85.20838096,Dataset_BC_Admin
9/27/2024 0:00,28.15170841,85.31362106,Dataset_BC_Admin
9/27/2024 0:00,27.68959446,85.3331764,Dataset_BC_Admin
9/27/2024 0:00,27.65191981,85.31902244,Dataset_BC_Admin
9/27/2024 0:00,27.65594245,85.3045009,Dataset_BC_Admin
9/28/2024 0:00,27.72881335,85.38027358,Dataset_BC_Admin
9/28/2024 0:00,27.48887943,85.27900539,Dataset_BC_Admin
9/28/2024 0:00,27.59768218,85.29228496,Dataset_BC_Admin
9/28/2024 0:00,27.72024549,85.32361039,Dataset_BC_Admin
9/28/2024 0:00,27.71894476,85.38194524,Dataset_BC_Admin
9/28/2024 0:00,27.73259104,85.37320089,Dataset_BC_Admin
9/28/2024 0:00,27.72039895,85.34499743,Dataset_BC_Admin
9/28/2024 0:00,27.58197015,85.32604953,Dataset_BC_Admin
9/28/2024 0:00,27.59826885,85.31132155,Dataset_BC_Admin
9/28/2024 0:00,27.49490291,85.28097441,Dataset_BC_Admin
9/28/2024 0:00,27.64628919,85.30522403,Dataset_BC_Admin
9/28/2024 0:00,27.50406009,85.29690941,Dataset_BC_Admin
9/28/2024 0:00,27.60244035,85.30589251,Dataset_BC_Admin
9/28/2024 0:00,27.67518125,85.44229806,Dataset_BC_Admin
9/28/2024 0:00,27.58444749,85.31477975,Dataset_BC_Admin
9/28/2024 0:00,27.51455485,86.17562141,Dataset_BC_Admin
9/28/2024 0:00,27.6902957,85.33535214,Dataset_BC_Admin
9/28/2024 0:00,27.56059275,85.38862238,Dataset_BC_Admin
9/28/2024 0:00,27.73875382,85.38435046,Dataset_BC_Admin
9/28/2024 0:00,27.57517704,85.27116858,Dataset_BC_Admin
9/28/2024 0:00,27.49858925,85.35534292,Dataset_BC_Admin
9/28/2024 0:00,27.69663624,86.05551836,Dataset_BC_Admin
9/28/2024 0:00,27.70002704,86.0967827,Dataset_BC_Admin
9/28/2024 0:00,27.37436322,86.0087147,Dataset_BC_Admin
9/28/2024 0:00,27.32493522,86.0194902,Dataset_BC_Admin
9/28/2024 0:00,27.21477163,86.17954124,Dataset_BC_Admin
9/28/2024 0:00,28.17288165,85.31942457,Dataset_BC_Admin
9/28/2024 0:00,28.09241891,85.19147189,Dataset_BC_Admin
9/28/2024 0:00,27.84215059,85.23106593,Dataset_BC_Admin
9/28/2024 0:00,28.01308184,85.00738343,Dataset_BC_Admin
9/28/2024 0:00,27.7602846,85.23330332,Dataset_BC_Admin
9/28/2024 0:00,27.71472922,85.19739863,Dataset_BC_Admin
9/28/2024 0:00,27.95205402,84.83565229,Dataset_BC_Admin
9/28/2024 0:00,27.79233563,84.71110373,Dataset_BC_Admin
9/28/2024 0:00,28.00387993,85.05672904,Dataset_BC_Admin
9/28/2024 0:00,27.67206599,85.42982066,Dataset_BC_Admin
9/28/2024 0:00,27.46765801,85.34413572,Dataset_BC_Admin
9/28/2024 0:00,27.55050893,85.3664124,Dataset_BC_Admin
9/28/2024 0:00,27.6662121,85.44093815,Dataset_BC_Admin
9/28/2024 0:00,27.62379626,86.10039526,Dataset_BC_Admin
9/28/2024 0:00,27.5988478,85.38011462,Dataset_BC_Admin
9/28/2024 0:00,27.6602813,85.31967183,Dataset_BC_Admin
9/29/2024 0:00,27.08521869,86.14877931,Dataset_BC_Admin
9/29/2024 0:00,27.71414317,85.33082936,Dataset_BC_Admin
9/29/2024 0:00,27.5429915,85.88304301,Dataset_BC_Admin
9/29/2024 0:00,27.67188103,85.44011193,Dataset_BC_Admin
9/30/2024 0:00,27.12768764,86.10188541,Dataset_BC_Admin
9/30/2024 0:00,27.58750689,85.35752699,Dataset_BC_Admin
9/30/2024 0:00,27.10999408,86.11137521,Dataset_BC_Admin
10/1/2024 0:00,27.04480289,86.09416481,Dataset_BC_Admin
10/1/2024 0:00,28.16962847,85.31704397,Dataset_BC_Admin
10/1/2024 0:00,27.54885918,85.36354029,Dataset_BC_Admin
10/2/2024 0:00,28.04687578,85.17976489,Dataset_BC_Admin
10/16/2024 0:00,27.10449855,86.12868448,Dataset_BC_Admin
10/17/2024 0:00,27.1712871,86.1554255,Dataset_BC_Admin
10/23/2024 0:00,27.73184019,86.03613897,Dataset_BC_Admin
10/24/2024 0:00,27.78884565,86.20192007,Dataset_BC_Admin
12/23/2024 0:00,27.76257461,85.21128239,Dataset_BC_Admin
12/24/2024 0:00,27.73776649,84.84830283,Dataset_BC_Admin
1/16/2025 0:00,27.77567846,84.73944462,Dataset_BC_Admin
1/17/2025 0:00,27.78669777,84.75631792,Dataset_BC_Admin
1/18/2025 0:00,27.7238483,85.64576397,Dataset_BC_Admin
4/23/2025 0:00,27.86059262,85.23419896,Dataset_BC_Admin
4/24/2025 0:00,27.85736527,85.23385445,Dataset_BC_Admin
4/30/2025 0:00,27.99573169,85.15644686,Dataset_BC_Admin
5/1/2025 0:00,28.00089241,85.1844116,Dataset_BC_Admin
5/3/2025 0:00,27.92690902,84.82556936,Dataset_BC_Admin
5/3/2025 0:00,27.58926122,85.35376738,Dataset_BC_Admin
5/4/2025 0:00,27.60149418,85.39712832,Dataset_BC_Admin
5/4/2025 0:00,27.91141006,84.83514913,Dataset_BC_Admin
5/16/2025 0:00,27.761116,85.2241925,Dataset_BC_Admin
5/17/2025 0:00,27.76116118,85.23584142,Dataset_BC_Admin
5/19/2025 0:00,27.76213682,85.26263926,Dataset_BC_Admin
5/20/2025 0:00,27.74925129,85.23161471,Dataset_BC_Admin
5/24/2025 0:00,27.67821101,85.4415875,Dataset_BC_Admin
5/25/2025 0:00,27.68271535,85.44463876,Dataset_BC_Admin
6/14/2025 0:00,27.58089176,85.36339039,Dataset_BC_Admin
6/15/2025 0:00,27.51402868,85.29497202,Dataset_BC_Admin
6/15/2025 0:00,28.11442838,85.17678962,Dataset_BC_Admin
6/16/2025 0:00,28.1124359,85.19637731,Dataset_BC_Admin
6/17/2025 0:00,28.01121273,85.58587379,Dataset_BC_Admin
6/17/2025 0:00,27.41442917,84.32163466,Dataset_BC_Admin
6/18/2025 0:00,27.58320415,85.36141256,Dataset_BC_Admin
6/18/2025 0:00,28.16570549,85.29921874,Dataset_BC_Admin
6/19/2025 0:00,27.42774699,84.30716785,Dataset_BC_Admin
6/19/2025 0:00,28.21669825,85.21652617,Dataset_BC_Admin
6/19/2025 0:00,27.67473512,85.43200577,Dataset_BC_Admin
6/19/2025 0:00,27.51948356,85.31496783,Dataset_BC_Admin
6/20/2025 0:00,27.67781178,85.43396595,Dataset_BC_Admin
6/20/2025 0:00,27.59182628,85.34584508,Dataset_BC_Admin
6/20/2025 0:00,28.16310517,85.30175589,Dataset_BC_Admin
6/20/2025 0:00,27.70624472,86.05883844,Dataset_BC_Admin
6/20/2025 0:00,27.52791527,86.17852943,Dataset_BC_Admin
6/21/2025 0:00,27.52433452,86.19677794,Dataset_BC_Admin
6/21/2025 0:00,27.75216097,85.24578435,Dataset_BC_Admin
6/21/2025 0:00,27.7147867,86.02311964,Dataset_BC_Admin
6/21/2025 0:00,27.70880738,86.04263827,Dataset_BC_Admin
6/21/2025 0:00,27.5507246,86.34200107,Dataset_BC_Admin
6/21/2025 0:00,28.1968931,85.22871896,Dataset_BC_Admin
6/21/2025 0:00,27.45892326,85.30744716,Dataset_BC_Admin
6/22/2025 0:00,27.48809721,86.12416689,Dataset_BC_Admin
6/22/2025 0:00,27.4315168,85.92086236,Dataset_BC_Admin
6/25/2025 0:00,28.17283959,85.31754947,Dataset_BC_Admin
6/26/2025 0:00,28.05636008,85.06600097,Dataset_BC_Admin
6/26/2025 0:00,28.19321431,85.21838635,Dataset_BC_Admin
6/27/2025 0:00,28.01217966,85.02279444,Dataset_BC_Admin
6/27/2025 0:00,28.14952456,85.17887573,Dataset_BC_Admin
6/28/2025 0:00,28.14433757,85.16231754,Dataset_BC_Admin
7/2/2025 0:00,27.91000265,85.59018177,Dataset_BC_Admin
7/2/2025 0:00,28.20666231,85.25480611,Dataset_BC_Admin
7/3/2025 0:00,28.26315012,85.25145853,Dataset_BC_Admin
7/3/2025 0:00,27.99118153,85.17168393,Dataset_BC_Admin
7/3/2025 0:00,27.95019352,84.931412,Dataset_BC_Admin
7/3/2025 0:00,27.99403423,85.14116852,Dataset_BC_Admin
7/3/2025 0:00,27.87598588,85.65605979,Dataset_BC_Admin
7/4/2025 0:00,28.1504993,85.18376028,Dataset_BC_Admin
7/4/2025 0:00,27.86921535,85.20976658,Dataset_BC_Admin
7/4/2025 0:00,27.95232087,84.94136692,Dataset_BC_Admin
7/4/2025 0:00,27.98502261,85.12453077,Dataset_BC_Admin
7/4/2025 0:00,28.01136324,85.16840452,Dataset_BC_Admin
7/5/2025 0:00,28.16429509,85.17784866,Dataset_BC_Admin
7/5/2025 0:00,27.87419165,85.22259253,Dataset_BC_Admin
7/7/2025 0:00,27.73427745,85.37323963,Dataset_BC_Admin
7/8/2025 0:00,27.95985414,85.62560757,Dataset_BC_Admin
7/8/2025 0:00,27.74065562,85.37995396,Dataset_BC_Admin
7/9/2025 0:00,28.01522942,85.05482296,Dataset_BC_Admin
7/10/2025 0:00,28.17549015,85.31332758,Dataset_BC_Admin
7/10/2025 0:00,28.00814775,85.04160889,Dataset_BC_Admin
7/11/2025 0:00,28.24424336,85.27766437,Dataset_BC_Admin
7/14/2025 0:00,27.51814715,86.15495084,Dataset_BC_Admin
7/15/2025 0:00,27.40588127,86.06030045,Dataset_BC_Admin
7/15/2025 0:00,27.38561264,86.05230041,Dataset_BC_Admin
7/15/2025 0:00,27.7259381,86.03622918,Dataset_BC_Admin
7/16/2025 0:00,27.72691083,86.0415118,Dataset_BC_Admin
7/16/2025 0:00,27.58782547,85.36008984,Dataset_BC_Admin
7/17/2025 0:00,27.54852391,85.39929287,Dataset_BC_Admin
7/18/2025 0:00,27.78805959,85.6189224,Dataset_BC_Admin
7/19/2025 0:00,27.07979432,86.10690833,Dataset_BC_Admin
7/19/2025 0:00,27.88090844,85.5842211,Dataset_BC_Admin
7/19/2025 0:00,27.97150715,85.5974342,Dataset_BC_Admin
7/19/2025 0:00,27.88278537,85.6332239,Dataset_BC_Admin
7/20/2025 0:00,27.30207929,85.95727054,Dataset_BC_Admin
7/20/2025 0:00,27.96114272,85.62131096,Dataset_BC_Admin
7/21/2025 0:00,27.95698052,85.61655498,Dataset_BC_Admin
7/22/2025 0:00,27.97087251,85.60454811,Dataset_BC_Admin
7/23/2025 0:00,28.00753134,85.13993838,Dataset_BC_Admin
7/24/2025 0:00,27.98545044,85.12894144,Dataset_BC_Admin
7/27/2025 0:00,27.74466637,85.23434852,Dataset_BC_Admin
7/27/2025 0:00,28.15594819,85.3067601,Dataset_BC_Admin
7/27/2025 0:00,28.00017162,85.05648442,Dataset_BC_Admin
7/27/2025 0:00,27.99849869,85.63119017,Dataset_BC_Admin
7/28/2025 0:00,27.99582224,85.06261076,Dataset_BC_Admin
7/28/2025 0:00,28.06013324,85.1496268,Dataset_BC_Admin
7/28/2025 0:00,27.88922109,85.13968913,Dataset_BC_Admin
7/28/2025 0:00,27.77178986,85.253855,Dataset_BC_Admin
7/29/2025 0:00,28.00727643,85.10848707,Dataset_BC_Admin
7/30/2025 0:00,28.17561919,85.29970439,Dataset_BC_Admin
7/31/2025 0:00,27.62519788,84.48416288,Dataset_BC_Admin
7/31/2025 0:00,28.26721329,85.23690541,Dataset_BC_Admin
8/1/2025 0:00,27.51951466,86.17885182,Dataset_BC_Admin
8/2/2025 0:00,27.52827934,85.86726051,Dataset_BC_Admin
8/7/2025 0:00,27.08582831,86.10712469,Dataset_BC_Admin
8/7/2025 0:00,27.76069831,85.21871311,Dataset_BC_Admin
8/8/2025 0:00,27.96012059,84.83500004,Dataset_BC_Admin
8/8/2025 0:00,27.10777521,86.11577755,Dataset_BC_Admin
8/10/2025 0:00,28.00030418,85.06427757,Dataset_BC_Admin
8/11/2025 0:00,27.99549492,85.02789594,Dataset_BC_Admin
8/13/2025 0:00,27.71819309,86.05242406,Dataset_BC_Admin
8/14/2025 0:00,27.80890405,86.21662259,Dataset_BC_Admin
8/16/2025 0:00,27.75745783,85.24011516,Dataset_BC_Admin
8/17/2025 0:00,27.80012239,84.74296017,Dataset_BC_Admin
8/21/2025 0:00,27.71679721,85.32554099,Dataset_BC_Admin
8/21/2025 0:00,27.73429795,85.38105776,Dataset_BC_Admin
8/22/2025 0:00,27.73461388,85.39384403,Dataset_BC_Admin
8/22/2025 0:00,27.71394988,85.32980156,Dataset_BC_Admin
8/22/2025 0:00,27.92549995,84.79749146,Dataset_BC_Admin
8/22/2025 0:00,27.73441854,85.37287541,Dataset_BC_Admin
8/23/2025 0:00,27.91697329,84.8202937,Dataset_BC_Admin
8/23/2025 0:00,27.71069141,85.32259852,Dataset_BC_Admin
8/26/2025 0:00,28.0147202,85.05483417,Dataset_BC_Admin
8/26/2025 0:00,27.75694589,85.23990691,Dataset_BC_Admin
8/27/2025 0:00,27.73623609,85.38620346,Dataset_BC_Admin
8/27/2025 0:00,27.78070548,84.76227739,Dataset_BC_Admin
8/27/2025 0:00,28.00100413,85.00794114,Dataset_BC_Admin
8/28/2025 0:00,27.69259419,86.05024002,Dataset_BC_Admin
8/28/2025 0:00,27.72256376,85.37727758,Dataset_BC_Admin
8/28/2025 0:00,27.88411009,85.60191308,Dataset_BC_Admin
8/29/2025 0:00,27.70015983,86.0349576,Dataset_BC_Admin
8/30/2025 0:00,27.52618425,86.0846359,Dataset_BC_Admin
8/30/2025 0:00,28.00177657,85.60124717,Dataset_BC_Admin
8/30/2025 0:00,28.17480609,85.32992665,Dataset_BC_Admin
8/30/2025 0:00,27.7385567,85.38442568,Dataset_BC_Admin
8/31/2025 0:00,28.06128723,85.15512378,Dataset_BC_Admin
8/31/2025 0:00,27.72258213,85.32468201,Dataset_BC_Admin
8/31/2025 0:00,27.9848335,85.59198342,Dataset_BC_Admin
8/31/2025 0:00,27.89402618,85.61711508,Dataset_BC_Admin
8/31/2025 0:00,27.50068437,86.08117412,Dataset_BC_Admin
9/1/2025 0:00,28.00551224,85.040949,Dataset_BC_Admin
9/2/2025 0:00,28.00539236,85.12994208,Dataset_BC_Admin
9/4/2025 0:00,27.7364251,85.37949072,Dataset_BC_Admin
9/5/2025 0:00,27.76210786,85.3884622,Dataset_BC_Admin
9/6/2025 0:00,28.02478311,84.99241011,Dataset_BC_Admin
9/7/2025 0:00,27.99945703,85.01487173,Dataset_BC_Admin
9/11/2025 0:00,27.71458628,86.0531556,Dataset_BC_Admin
9/12/2025 0:00,27.49248446,86.1289737,Dataset_BC_Admin
9/16/2025 0:00,27.54998994,84.5131658,Dataset_BC_Admin
9/16/2025 0:00,27.41053477,84.32067702,Dataset_BC_Admin
9/17/2025 0:00,27.93335097,85.14238865,Dataset_BC_Admin
9/18/2025 0:00,27.4466258,84.33106232,Dataset_BC_Admin
9/18/2025 0:00,27.95132225,85.15488887,Dataset_BC_Admin
9/20/2025 0:00,28.28976088,85.21802399,Dataset_BC_Admin
9/20/2025 0:00,27.72382529,85.37279204,Dataset_BC_Admin
9/21/2025 0:00,27.72601229,85.38366171,Dataset_BC_Admin
9/21/2025 0:00,28.2563392,85.20926899,Dataset_BC_Admin
9/21/2025 0:00,27.39206949,84.3012228,Dataset_BC_Admin
9/22/2025 0:00,27.66754554,85.42629503,Dataset_BC_Admin
9/23/2025 0:00,27.66651898,85.42795912,Dataset_BC_Admin
9/23/2025 0:00,27.76267808,84.6819418,Dataset_BC_Admin
9/23/2025 0:00,27.9002271,85.61489319,Dataset_BC_Admin
9/24/2025 0:00,27.60811693,84.51250025,Dataset_BC_Admin
9/24/2025 0:00,27.80968615,84.65756728,Dataset_BC_Admin
9/25/2025 0:00,27.78188572,84.6548379,Dataset_BC_Admin
9/26/2025 0:00,27.8058499,84.64630334,Dataset_BC_Admin
9/27/2025 0:00,27.89054881,85.67483441,Dataset_BC_Admin
10/1/2025 0:00,28.27361859,85.23826803,Dataset_BC_Admin
10/2/2025 0:00,28.27034777,85.21084497,Dataset_BC_Admin
10/3/2025 0:00,27.77121571,85.60028546,Dataset_BC_Admin
10/3/2025 0:00,27.20573863,86.16437764,Dataset_BC_Admin
10/3/2025 0:00,27.73097017,85.374589,Dataset_BC_Admin
10/4/2025 0:00,27.40725358,85.92610064,Dataset_BC_Admin
10/4/2025 0:00,27.68826979,85.44662555,Dataset_BC_Admin
10/4/2025 0:00,28.22707379,85.26485315,Dataset_BC_Admin
10/4/2025 0:00,27.67621244,85.44195135,Dataset_BC_Admin
10/4/2025 0:00,27.66658445,85.42686794,Dataset_BC_Admin
10/4/2025 0:00,27.72083304,85.32463408,Dataset_BC_Admin
10/4/2025 0:00,27.24190524,86.1779706,Dataset_BC_Admin
10/5/2025 0:00,27.66865324,85.4272229,Dataset_BC_Admin
10/5/2025 0:00,27.67352655,85.43736877,Dataset_BC_Admin
10/5/2025 0:00,27.41581805,85.89830484,Dataset_BC_Admin
10/5/2025 0:00,28.21937966,85.2531345,Dataset_BC_Admin
10/5/2025 0:00,27.53920055,85.89596125,Dataset_BC_Admin
10/5/2025 0:00,27.67408877,85.43345668,Dataset_BC_Admin
10/6/2025 0:00,27.52712167,85.86220542,Dataset_BC_Admin
11/14/2025 0:00,28.1766525,85.30578061,Dataset_BC_Admin
11/15/2025 0:00,28.28104556,85.2681087,Dataset_BC_Admin
